2026/10/07 16:26:42.452, 60, 0, 173, 10240
2026/10/07 16:26:42.659, 60, 0, 175, 10240
2026/10/07 16:26:42.859, 60, 0, 397, 10240
2026/10/07 16:26:43.059, 62, 0, 397, 10240
2026/10/07 16:26:43.259, 62, 0, 397, 10240
2026/10/07 16:26:43.460, 62, 0, 397, 10240
2026/10/07 16:26:43.660, 62, 0, 397, 10240
2026/10/07 16:26:43.860, 62, 0, 397, 10240
2026/10/07 16:26:44.060, 62, 17, 7369, 10240
2026/10/07 16:26:44.260, 62, 17, 7369, 10240
2026/10/07 16:26:44.460, 62, 17, 7369, 10240
2026/10/07 16:26:44.661, 63, 17, 7369, 10240
2026/10/07 16:26:44.861, 63, 17, 8281, 10240
2026/10/07 16:26:45.061, 64, 21, 8445, 10240
2026/10/07 16:26:45.261, 64, 21, 8445, 10240
2026/10/07 16:26:45.461, 64, 21, 8445, 10240
2026/10/07 16:26:45.661, 63, 21, 8473, 10240
2026/10/07 16:26:45.862, 63, 21, 8473, 10240
2026/10/07 16:26:46.062, 66, 59, 8485, 10240
2026/10/07 16:26:46.262, 66, 59, 8485, 10240
2026/10/07 16:26:46.462, 66, 59, 8485, 10240
2026/10/07 16:26:46.662, 70, 59, 8485, 10240
2026/10/07 16:26:46.862, 70, 59, 8485, 10240
2026/10/07 16:26:47.062, 70, 92, 8485, 10240
2026/10/07 16:26:47.263, 70, 92, 8485, 10240
2026/10/07 16:26:47.463, 70, 92, 8485, 10240
2026/10/07 16:26:47.663, 71, 92, 8485, 10240
2026/10/07 16:26:47.863, 71, 92, 8485, 10240
2026/10/07 16:26:48.063, 71, 93, 8485, 10240
2026/10/07 16:26:48.263, 71, 93, 8485, 10240
2026/10/07 16:26:48.463, 71, 93, 8485, 10240
2026/10/07 16:26:48.664, 71, 93, 8485, 10240
2026/10/07 16:26:48.864, 71, 93, 8485, 10240
2026/10/07 16:26:49.064, 72, 100, 8485, 10240
2026/10/07 16:26:49.264, 72, 100, 8485, 10240
2026/10/07 16:26:49.464, 72, 100, 8485, 10240
2026/10/07 16:26:49.664, 71, 100, 8485, 10240
2026/10/07 16:26:49.864, 71, 100, 8485, 10240
2026/10/07 16:26:50.065, 72, 93, 8485, 10240
2026/10/07 16:26:50.265, 72, 93, 8485, 10240
2026/10/07 16:26:50.465, 72, 93, 8485, 10240
2026/10/07 16:26:50.665, 72, 93, 8485, 10240
2026/10/07 16:26:50.865, 72, 93, 8485, 10240
2026/10/07 16:26:51.065, 72, 94, 8485, 10240
2026/10/07 16:26:51.265, 72, 94, 8485, 10240
2026/10/07 16:26:51.466, 72, 94, 8485, 10240
2026/10/07 16:26:51.666, 72, 94, 8485, 10240
2026/10/07 16:26:51.866, 72, 94, 8485, 10240
2026/10/07 16:26:52.066, 73, 100, 8485, 10240
2026/10/07 16:26:52.266, 73, 100, 8485, 10240
2026/10/07 16:26:52.466, 73, 100, 8485, 10240
2026/10/07 16:26:52.667, 72, 100, 8485, 10240
2026/10/07 16:26:52.867, 72, 100, 8485, 10240
2026/10/07 16:26:53.067, 73, 92, 8485, 10240
2026/10/07 16:26:53.267, 73, 92, 8485, 10240
2026/10/07 16:26:53.467, 73, 92, 8485, 10240
2026/10/07 16:26:53.667, 73, 92, 8485, 10240
2026/10/07 16:26:53.867, 73, 92, 8485, 10240
2026/10/07 16:26:54.067, 73, 94, 8485, 10240
2026/10/07 16:26:54.268, 73, 94, 8485, 10240
2026/10/07 16:26:54.468, 73, 94, 8485, 10240
2026/10/07 16:26:54.668, 73, 94, 8485, 10240
2026/10/07 16:26:54.868, 73, 94, 8485, 10240
2026/10/07 16:26:55.068, 74, 100, 8485, 10240
2026/10/07 16:26:55.268, 74, 100, 8485, 10240
2026/10/07 16:26:55.468, 74, 100, 8485, 10240
2026/10/07 16:26:55.669, 73, 100, 8485, 10240
2026/10/07 16:26:55.869, 73, 100, 8485, 10240
2026/10/07 16:26:56.069, 74, 93, 8485, 10240
2026/10/07 16:26:56.269, 74, 93, 8485, 10240
2026/10/07 16:26:56.469, 74, 93, 8485, 10240
2026/10/07 16:26:56.669, 69, 93, 8485, 10240
2026/10/07 16:26:56.870, 69, 93, 8485, 10240
2026/10/07 16:26:57.070, 73, 64, 8485, 10240
2026/10/07 16:26:57.270, 73, 64, 8485, 10240
2026/10/07 16:26:57.470, 73, 64, 8485, 10240
2026/10/07 16:26:57.670, 74, 64, 8485, 10240
2026/10/07 16:26:57.870, 74, 64, 8485, 10240
2026/10/07 16:26:58.070, 73, 95, 8485, 10240
2026/10/07 16:26:58.271, 73, 95, 8485, 10240
2026/10/07 16:26:58.471, 73, 95, 8485, 10240
2026/10/07 16:26:58.671, 74, 95, 8485, 10240
2026/10/07 16:26:58.871, 74, 95, 8485, 10240
2026/10/07 16:26:59.071, 74, 81, 8485, 10240
2026/10/07 16:26:59.271, 74, 81, 8485, 10240
2026/10/07 16:26:59.472, 74, 81, 8485, 10240
2026/10/07 16:26:59.672, 75, 81, 8485, 10240
2026/10/07 16:26:59.872, 75, 81, 8485, 10240
2026/10/07 16:27:00.072, 74, 94, 8485, 10240
2026/10/07 16:27:00.272, 74, 94, 8485, 10240
2026/10/07 16:27:00.472, 74, 94, 8485, 10240
2026/10/07 16:27:00.672, 75, 94, 8485, 10240
2026/10/07 16:27:00.873, 75, 94, 8485, 10240
2026/10/07 16:27:01.073, 75, 88, 8485, 10240
2026/10/07 16:27:01.273, 75, 88, 8485, 10240
2026/10/07 16:27:01.473, 75, 88, 8485, 10240
2026/10/07 16:27:01.673, 75, 88, 8485, 10240
2026/10/07 16:27:01.873, 75, 88, 8485, 10240
2026/10/07 16:27:02.073, 75, 94, 8485, 10240
2026/10/07 16:27:02.274, 75, 94, 8485, 10240
2026/10/07 16:27:02.474, 75, 94, 8485, 10240
2026/10/07 16:27:02.674, 75, 94, 8485, 10240
2026/10/07 16:27:02.874, 75, 94, 8485, 10240
2026/10/07 16:27:03.074, 75, 87, 8485, 10240
2026/10/07 16:27:03.274, 75, 87, 8485, 10240
2026/10/07 16:27:03.474, 75, 87, 8485, 10240
2026/10/07 16:27:03.675, 75, 87, 8485, 10240
2026/10/07 16:27:03.875, 75, 87, 8485, 10240
2026/10/07 16:27:04.075, 75, 94, 8485, 10240
2026/10/07 16:27:04.275, 75, 94, 8485, 10240
2026/10/07 16:27:04.475, 75, 94, 8485, 10240
2026/10/07 16:27:04.675, 76, 94, 8485, 10240
2026/10/07 16:27:04.875, 76, 94, 8485, 10240
2026/10/07 16:27:05.076, 76, 90, 8485, 10240
2026/10/07 16:27:05.276, 76, 90, 8485, 10240
2026/10/07 16:27:05.476, 76, 90, 8485, 10240
2026/10/07 16:27:05.676, 76, 90, 8485, 10240
2026/10/07 16:27:05.876, 76, 90, 8485, 10240
2026/10/07 16:27:06.076, 76, 95, 8485, 10240
2026/10/07 16:27:06.276, 76, 95, 8485, 10240
2026/10/07 16:27:06.477, 76, 95, 8485, 10240
2026/10/07 16:27:06.677, 77, 95, 8485, 10240
2026/10/07 16:27:06.877, 77, 95, 8485, 10240
2026/10/07 16:27:07.077, 76, 94, 8485, 10240
2026/10/07 16:27:07.277, 76, 94, 8485, 10240
2026/10/07 16:27:07.477, 76, 94, 8485, 10240
2026/10/07 16:27:07.677, 76, 94, 8485, 10240
2026/10/07 16:27:07.878, 76, 94, 8485, 10240
2026/10/07 16:27:08.078, 76, 94, 8485, 10240
2026/10/07 16:27:08.278, 76, 94, 8485, 10240
2026/10/07 16:27:08.478, 76, 94, 8485, 10240
2026/10/07 16:27:08.678, 77, 94, 8485, 10240
2026/10/07 16:27:08.878, 77, 94, 8485, 10240
2026/10/07 16:27:09.078, 77, 92, 8485, 10240
2026/10/07 16:27:09.279, 77, 92, 8485, 10240
2026/10/07 16:27:09.479, 77, 92, 8485, 10240
2026/10/07 16:27:09.679, 77, 92, 8485, 10240
2026/10/07 16:27:09.879, 77, 92, 8485, 10240
2026/10/07 16:27:10.079, 77, 94, 8485, 10240
2026/10/07 16:27:10.279, 77, 94, 8485, 10240
2026/10/07 16:27:10.479, 77, 94, 8485, 10240
2026/10/07 16:27:10.680, 75, 94, 8485, 10240
2026/10/07 16:27:10.880, 75, 94, 8485, 10240
2026/10/07 16:27:11.080, 77, 81, 8485, 10240
2026/10/07 16:27:11.280, 77, 81, 8485, 10240
2026/10/07 16:27:11.480, 77, 81, 8485, 10240
2026/10/07 16:27:11.680, 77, 81, 8485, 10240
2026/10/07 16:27:11.880, 77, 81, 8485, 10240
2026/10/07 16:27:12.081, 77, 94, 8485, 10240
2026/10/07 16:27:12.281, 77, 94, 8485, 10240
2026/10/07 16:27:12.481, 77, 94, 8485, 10240
2026/10/07 16:27:12.681, 77, 94, 8485, 10240
2026/10/07 16:27:12.881, 77, 94, 8485, 10240
2026/10/07 16:27:13.081, 78, 100, 8485, 10240
2026/10/07 16:27:13.282, 78, 100, 8485, 10240
2026/10/07 16:27:13.482, 78, 100, 8485, 10240
2026/10/07 16:27:13.682, 78, 100, 8485, 10240
2026/10/07 16:27:13.882, 78, 100, 8485, 10240
2026/10/07 16:27:14.082, 78, 94, 8485, 10240
2026/10/07 16:27:14.282, 78, 94, 8485, 10240
2026/10/07 16:27:14.482, 78, 94, 8485, 10240
2026/10/07 16:27:14.682, 78, 94, 8485, 10240
2026/10/07 16:27:14.883, 78, 94, 8485, 10240
2026/10/07 16:27:15.083, 78, 82, 8485, 10240
2026/10/07 16:27:15.283, 78, 82, 8485, 10240
2026/10/07 16:27:15.483, 78, 82, 8485, 10240
2026/10/07 16:27:15.683, 78, 82, 8485, 10240
2026/10/07 16:27:15.883, 78, 82, 8485, 10240
2026/10/07 16:27:16.083, 78, 94, 8485, 10240
2026/10/07 16:27:16.284, 78, 94, 8485, 10240
2026/10/07 16:27:16.484, 78, 94, 8485, 10240
2026/10/07 16:27:16.684, 78, 94, 8485, 10240
2026/10/07 16:27:16.884, 78, 94, 8485, 10240
2026/10/07 16:27:17.084, 78, 94, 8485, 10240
2026/10/07 16:27:17.284, 78, 94, 8485, 10240
2026/10/07 16:27:17.484, 78, 94, 8485, 10240
2026/10/07 16:27:17.685, 79, 94, 8485, 10240
2026/10/07 16:27:17.885, 79, 94, 8485, 10240
2026/10/07 16:27:18.085, 79, 94, 8485, 10240
2026/10/07 16:27:18.285, 79, 94, 8485, 10240
2026/10/07 16:27:18.485, 79, 94, 8485, 10240
2026/10/07 16:27:18.685, 79, 94, 8485, 10240
2026/10/07 16:27:18.886, 79, 94, 8485, 10240
2026/10/07 16:27:19.086, 79, 95, 8485, 10240
2026/10/07 16:27:19.286, 79, 95, 8485, 10240
2026/10/07 16:27:19.486, 79, 95, 8485, 10240
2026/10/07 16:27:19.686, 78, 95, 8485, 10240
2026/10/07 16:27:19.886, 78, 95, 8485, 10240
2026/10/07 16:27:20.086, 77, 79, 8485, 10240
2026/10/07 16:27:20.287, 77, 79, 8485, 10240
2026/10/07 16:27:20.487, 77, 79, 8485, 10240
2026/10/07 16:27:20.687, 77, 79, 8485, 10240
2026/10/07 16:27:20.887, 77, 79, 8485, 10240
2026/10/07 16:27:21.087, 77, 94, 8485, 10240
2026/10/07 16:27:21.287, 77, 94, 8485, 10240
2026/10/07 16:27:21.488, 77, 94, 8485, 10240
2026/10/07 16:27:21.688, 77, 94, 8485, 10240
2026/10/07 16:27:21.888, 77, 94, 8485, 10240
2026/10/07 16:27:22.088, 78, 100, 8485, 10240
2026/10/07 16:27:22.288, 78, 100, 8485, 10240
2026/10/07 16:27:22.488, 78, 100, 8485, 10240
2026/10/07 16:27:22.689, 77, 100, 8485, 10240
2026/10/07 16:27:22.889, 77, 100, 8485, 10240
2026/10/07 16:27:23.089, 78, 95, 8485, 10240
2026/10/07 16:27:23.289, 78, 95, 8485, 10240
2026/10/07 16:27:23.489, 78, 95, 8485, 10240
2026/10/07 16:27:23.689, 78, 95, 8485, 10240
2026/10/07 16:27:23.890, 78, 95, 8485, 10240
2026/10/07 16:27:24.090, 78, 95, 8485, 10240
2026/10/07 16:27:24.290, 78, 95, 8485, 10240
2026/10/07 16:27:24.490, 78, 95, 8485, 10240
2026/10/07 16:27:24.690, 78, 95, 8485, 10240
2026/10/07 16:27:24.890, 78, 95, 8485, 10240
2026/10/07 16:27:25.090, 77, 95, 8485, 10240
2026/10/07 16:27:25.291, 77, 95, 8485, 10240
2026/10/07 16:27:25.491, 77, 95, 8485, 10240
2026/10/07 16:27:25.691, 77, 95, 8485, 10240
2026/10/07 16:27:25.891, 77, 95, 8485, 10240
2026/10/07 16:27:26.091, 78, 95, 8485, 10240
2026/10/07 16:27:26.291, 78, 95, 8485, 10240
2026/10/07 16:27:26.491, 78, 95, 8485, 10240
2026/10/07 16:27:26.692, 77, 95, 443, 10240
