Time (%),Total Time (ns),Num Calls,Avg (ns),Med (ns),Min (ns),Max (ns),StdDev (ns),Name
41.8,1699363403,1884,901997.6,3169.5,444,164428237,10347665.5,cudaStreamSynchronize
37.2,1510936147,22084,68417.7,3182.0,1135,1011726,195760.2,cudaLaunchKernel
13.7,555997572,1426,389900.1,15791.0,1719,23548670,841162.4,cudaMemcpyAsync
2.1,84899380,5,16979876.0,26415.0,6114,84822791,37925344.5,cudaMemGetInfo
2.0,82526853,768,107456.8,3279.5,2656,2264041,220678.5,cudaLaunchKernelExC_v11060
1.4,55950355,768,72852.0,14270.0,2924,678114,185398.6,cuLaunchKernel
0.8,30518636,31,984472.1,956329.0,944094,1303734,66834.8,cudaGraphLaunch_v10000
0.3,11971504,8,1496438.0,1054734.0,42051,4621907,1485410.1,cuLibraryLoadData
0.2,7886893,13,606684.1,174531.0,2346,3464023,1056551.6,cudaFree
0.2,6510613,2,3255306.5,3255306.5,871109,5639504,3371764.4,cudaMallocHost
0.1,4632162,1,4632162.0,4632162.0,4632162,4632162,0.0,cudaGraphInstantiate_v12000
0.1,4365078,2,2182539.0,2182539.0,338484,4026594,2607887.6,cudaFreeHost
0.1,2916814,768,3797.9,353.0,259,2638172,95183.8,cuKernelGetFunction
0.1,2744189,22084,124.3,118.0,82,19907,173.8,cuKernelGetName
0.0,824492,1,824492.0,824492.0,824492,824492,0.0,cudaGraphExecDestroy_v10000
0.0,823999,12,68666.6,61403.5,2680,219627,65584.7,cudaMalloc
0.0,440799,1,440799.0,440799.0,440799,440799,0.0,cuMemUnmap
0.0,351702,1,351702.0,351702.0,351702,351702,0.0,cudaGraphDestroy_v10000
0.0,284248,6,47374.7,46163.5,27070,71316,19856.6,cuMemSetAccess
0.0,224432,6,37405.3,35733.0,11631,72714,25247.3,cuMemCreate
0.0,145690,1,145690.0,145690.0,145690,145690,0.0,cudaGraphExecUpdate_v10020
0.0,121322,880,137.9,123.0,85,515,50.5,cuGetProcAddress_v2
0.0,59312,1,59312.0,59312.0,59312,59312,0.0,cudaStreamEndCapture_v10000
0.0,30053,2,15026.5,15026.5,9231,20822,8196.1,cudaMemsetAsync
0.0,23224,13,1786.5,670.0,376,4919,1697.6,cuLibraryGetKernel
0.0,17371,6,2895.2,2409.5,1440,6107,1705.6,cuMemMap
0.0,17254,1,17254.0,17254.0,17254,17254,0.0,cudaStreamCreateWithFlags
0.0,15166,1,15166.0,15166.0,15166,15166,0.0,cuMemAddressReserve
0.0,11917,18,662.1,283.5,274,6314,1417.8,cudaEventCreateWithFlags
0.0,8850,4,2212.5,1889.5,947,4124,1486.9,cudaDeviceSynchronize
0.0,8546,1,8546.0,8546.0,8546,8546,0.0,cudaStreamDestroy
0.0,6729,18,373.8,258.0,218,1355,277.8,cudaEventDestroy
0.0,6539,1,6539.0,6539.0,6539,6539,0.0,cuMemAddressFree
0.0,3978,4,994.5,862.0,757,1497,347.2,cuInit
0.0,3021,1,3021.0,3021.0,3021,3021,0.0,cudaStreamBeginCapture_v10000
0.0,2816,1,2816.0,2816.0,2816,2816,0.0,cuMemGetAllocationGranularity
0.0,2302,8,287.8,270.5,151,540,144.3,cudaGetDeviceProperties_v12000
0.0,2179,3,726.3,107.0,91,1981,1086.6,cuModuleGetLoadingMode
0.0,1211,6,201.8,205.5,157,250,35.5,cuMemRelease
0.0,1151,3,383.7,278.0,243,630,214.0,cudaGetDriverEntryPointByVersion_v12050
