trace,launches,total_ms,average_us,median_us,min_us,max_us
cg_r1,485,21.865915,45.08436082474227,28.896,6.944,1037.898
cg_r2,485,21.877429,45.108101030927834,28.993,6.944,1044.938
cg_r3,485,21.908165,45.17147422680412,28.929,6.912,1045.834
cs_r1,485,9.550357,19.691457731958764,13.984,4.448,390.788
cs_r2,485,9.548032,19.686663917525774,14.016,4.448,391.844
cs_r3,485,9.554664,19.700338144329898,14.016,4.48,391.492
default_r1,485,9.579493,19.751531958762886,14.592,4.512,392.548
default_r2,485,9.581192,19.75503505154639,14.56,4.544,392.42
default_r3,485,9.579551,19.751651546391752,14.592,4.544,392.74
