variant,shape,K,M,gate,rows_per_cta,dynamic_smem_bytes,ctas,item_utilization,under_96KiB
cap4_t4096,attn_qkv_K5120_M10240,5120,10240,False,3,492,3414,0.9375,True
cap4_t4096,attn_gate_K5120_M6144,5120,6144,True,3,984,2048,0.9375,True
cap4_t4096,ffn_fused_gate_K5120_M17408,5120,17408,True,3,984,5803,0.9375,True
cap4_t4096,ssm_out_K6144_M5120,6144,5120,False,4,784,1280,0.75,True
cap4_t4096,ffn_down_K17408_M5120,17408,5120,False,4,2192,1280,0.85,True
cap4_t4096,output_K5120_M248320,5120,248320,False,3,492,82774,0.9375,True
cap8_t4096,attn_qkv_K5120_M10240,5120,10240,False,6,984,1707,0.9375,True
cap8_t4096,attn_gate_K5120_M6144,5120,6144,True,6,1968,1024,0.9375,True
cap8_t4096,ffn_fused_gate_K5120_M17408,5120,17408,True,6,1968,2902,0.9375,True
cap8_t4096,ssm_out_K6144_M5120,6144,5120,False,8,1568,640,1.0,True
cap8_t4096,ffn_down_K17408_M5120,17408,5120,False,8,4384,640,0.9444444444444444,True
cap8_t4096,output_K5120_M248320,5120,248320,False,6,984,41387,0.9375,True
cap12_t4096,attn_qkv_K5120_M10240,5120,10240,False,12,1968,854,0.9375,True
cap12_t4096,attn_gate_K5120_M6144,5120,6144,True,12,3936,512,0.9375,True
cap12_t4096,ffn_fused_gate_K5120_M17408,5120,17408,True,12,3936,1451,0.9375,True
cap12_t4096,ssm_out_K6144_M5120,6144,5120,False,8,1568,640,1.0,True
cap12_t4096,ffn_down_K17408_M5120,17408,5120,False,12,6576,427,0.9807692307692307,True
cap12_t4096,output_K5120_M248320,5120,248320,False,12,1968,20694,0.9375,True
control_cap16_t4096,attn_qkv_K5120_M10240,5120,10240,False,16,2624,640,1.0,True
control_cap16_t4096,attn_gate_K5120_M6144,5120,6144,True,16,5248,384,1.0,True
control_cap16_t4096,ffn_fused_gate_K5120_M17408,5120,17408,True,16,5248,1088,1.0,True
control_cap16_t4096,ssm_out_K6144_M5120,6144,5120,False,8,1568,640,1.0,True
control_cap16_t4096,ffn_down_K17408_M5120,17408,5120,False,16,8768,320,1.0,True
control_cap16_t4096,output_K5120_M248320,5120,248320,False,16,2624,15520,1.0,True
cap24_t4096,attn_qkv_K5120_M10240,5120,10240,False,16,2624,640,1.0,True
cap24_t4096,attn_gate_K5120_M6144,5120,6144,True,16,5248,384,1.0,True
cap24_t4096,ffn_fused_gate_K5120_M17408,5120,17408,True,16,5248,1088,1.0,True
cap24_t4096,ssm_out_K6144_M5120,6144,5120,False,24,4704,214,1.0,True
cap24_t4096,ffn_down_K17408_M5120,17408,5120,False,16,8768,320,1.0,True
cap24_t4096,output_K5120_M248320,5120,248320,False,16,2624,15520,1.0,True
cap32_t4096,attn_qkv_K5120_M10240,5120,10240,False,32,5248,320,1.0,True
cap32_t4096,attn_gate_K5120_M6144,5120,6144,True,32,10496,192,1.0,True
cap32_t4096,ffn_fused_gate_K5120_M17408,5120,17408,True,32,10496,544,1.0,True
cap32_t4096,ssm_out_K6144_M5120,6144,5120,False,32,6272,160,1.0,True
cap32_t4096,ffn_down_K17408_M5120,17408,5120,False,16,8768,320,1.0,True
cap32_t4096,output_K5120_M248320,5120,248320,False,32,5248,7760,1.0,True
cap32_t8192,attn_qkv_K5120_M10240,5120,10240,False,32,5248,320,1.0,True
cap32_t8192,attn_gate_K5120_M6144,5120,6144,True,32,10496,192,1.0,True
cap32_t8192,ffn_fused_gate_K5120_M17408,5120,17408,True,32,10496,544,1.0,True
cap32_t8192,ssm_out_K6144_M5120,6144,5120,False,32,6272,160,1.0,True
cap32_t8192,ffn_down_K17408_M5120,17408,5120,False,32,17536,160,1.0,True
cap32_t8192,output_K5120_M248320,5120,248320,False,32,5248,7760,1.0,True
