mode,format,context,original_tps,fork_tps,change_percent,pair1_change_percent,pair2_change_percent,original_peak_gpu_mib,fork_peak_gpu_mib,run_pairs,repetitions_per_run
combined,PQ2_0,512,287.533000,290.574000,1.057618,1.012215,1.103069,7725,7723,2,7
combined,PQ2_0,4096,806.242500,805.987000,-0.031690,0.503988,-0.574437,7949,7947,2,7
combined,PTQ1_0,512,313.313000,334.540500,6.775174,6.807512,6.742878,6581,6579,2,7
combined,PTQ1_0,4096,871.656000,880.536000,1.018751,0.760475,1.280894,6805,6803,2,7
decode,PQ2_0,512,69.588800,70.428300,1.206372,1.478407,0.935027,7725,7723,2,7
decode,PQ2_0,2048,68.707550,69.572250,1.258523,1.217977,1.299074,7821,7819,2,7
decode,PQ2_0,4096,67.227950,67.915750,1.023086,0.266442,1.788884,7949,7947,2,7
decode,PTQ1_0,512,77.596200,84.215400,8.530315,8.533020,8.527610,6581,6579,2,7
decode,PTQ1_0,2048,76.625600,83.023200,8.349168,8.437071,8.261334,6677,6675,2,7
decode,PTQ1_0,4096,75.565350,81.407900,7.731784,7.722093,7.741476,6805,6803,2,7
prefill,PQ2_0,512,1363.925000,1365.215000,0.094580,-0.207361,0.399040,7713,7713,2,7
prefill,PQ2_0,4096,1326.315000,1330.325000,0.302341,0.315234,0.289455,7919,7919,2,7
prefill,PTQ1_0,512,1374.305000,1377.925000,0.263406,0.059431,0.469007,6569,6569,2,7
prefill,PTQ1_0,4096,1332.490000,1336.475000,0.299064,0.300095,0.298032,6775,6775,2,7
