run,columns_per_warp,order,context,median_tok_s,mean_tok_s,sample_sd_tok_s,min_tok_s,max_tok_s,samples_tok_s,peak_mem_mib,peak_temp_c,peak_util_pct
cols1,1,candidate_then_control,512,82.2421,82.1146,0.3363,81.3774,82.3272,"[81.3774,82.3136,82.3272,82.0891,82.2913,82.2421,82.1614]",6805.0,64.0,83.0
cols1,1,candidate_then_control,4096,79.7570,79.6545,0.2844,79.0135,79.8112,"[79.0135,79.8112,79.7791,79.7737,79.7196,79.757,79.7273]",6805.0,64.0,83.0
control1,4,control_after_cols1,512,81.8205,81.7364,0.3149,81.0368,81.9817,"[81.0368,81.9817,81.8821,81.8205,81.8242,81.7975,81.8119]",6805.0,71.0,78.0
control1,4,control_after_cols1,4096,79.4284,79.2487,0.3024,78.7098,79.4526,"[78.7098,79.4526,79.4284,79.4424,79.4436,79.3338,78.93]",6805.0,71.0,78.0
cols2,2,after_control1,512,81.6299,81.4945,0.3603,80.6785,81.6570,"[80.6785,81.6429,81.657,81.6299,81.6319,81.6248,81.5965]",6805.0,74.0,72.0
cols2,2,after_control1,4096,78.4208,75.8006,6.6468,60.8744,79.1755,"[78.4208,79.1755,79.1712,78.7055,76.5348,60.8744,77.722]",6805.0,74.0,72.0
cols8,8,after_cols2,512,81.4193,81.2935,0.3390,80.5266,81.4539,"[80.5266,81.4539,81.4156,81.3779,81.4404,81.4207,81.4193]",6805.0,74.0,72.0
cols8,8,after_cols2,4096,78.2267,74.7274,8.7472,55.1341,78.9678,"[78.2267,78.9678,78.9329,78.6192,55.1341,78.1971,75.0142]",6805.0,74.0,72.0
control2,4,control_then_candidate,512,81.6825,81.5549,0.3278,80.8662,81.7815,"[80.8662,81.7815,81.7691,81.7794,81.526,81.4798,81.6825]",6805.0,74.0,69.0
control2,4,control_then_candidate,4096,78.4597,75.1786,6.1162,62.4116,79.1131,"[78.4597,79.1131,79.0448,78.6385,76.1233,72.4595,62.4116]",6805.0,74.0,69.0
cols1_pair2,1,candidate_after_control2,512,81.7676,81.6517,0.3272,80.9111,81.8155,"[80.9111,81.7676,81.8155,81.7842,81.7697,81.7506,81.7632]",6805.0,74.0,72.0
cols1_pair2,1,candidate_after_control2,4096,78.5492,70.1108,11.0161,58.2580,79.2790,"[78.5492,79.279,79.1574,58.2654,78.7786,58.258,58.4877]",6805.0,74.0,72.0
