Time (%),Total Time (ns),Instances,Avg (ns),Med (ns),Min (ns),Max (ns),StdDev (ns),Name
34.7,5423150,242,22409.7,16800.0,3968,501572,32551.5,"void mul_mat_vec_q<(ggml_type)142, (int)1, (bool)0, (bool)0, (bool)0, (bool)0, (bool)0>(const void *, const void *, const int *, ggml_cuda_mm_fusion_args_device, float *, unsigned int, uint3, unsigned int, unsigned int, unsigned int, uint3, unsigned int, unsigned int, unsigned int, uint3, unsigned int, unsigned int, unsigned int, unsigned int)"
17.5,2733016,40,68325.4,68320.5,68128,68545,98.2,"void mul_mat_vec_q<(ggml_type)142, (int)1, (bool)1, (bool)1, (bool)0, (bool)0, (bool)0>(const void *, const void *, const int *, ggml_cuda_mm_fusion_args_device, float *, unsigned int, uint3, unsigned int, unsigned int, unsigned int, uint3, unsigned int, unsigned int, unsigned int, uint3, unsigned int, unsigned int, unsigned int, unsigned int)"
15.8,2473975,79,31316.1,35232.0,14209,35584,8275.8,"void mul_mat_vec_q<(ggml_type)142, (int)1, (bool)1, (bool)0, (bool)0, (bool)0, (bool)0>(const void *, const void *, const int *, ggml_cuda_mm_fusion_args_device, float *, unsigned int, uint3, unsigned int, unsigned int, unsigned int, uint3, unsigned int, unsigned int, unsigned int, uint3, unsigned int, unsigned int, unsigned int, unsigned int)"
4.1,646250,130,4971.2,4896.0,4289,35201,2683.5,"void rms_norm_f32<(int)1024, (bool)1, (bool)0>(const float *, float *, int, long, long, long, float, const float *, long, long, long, uint3, uint3, uint3, uint3, const float *, long, long, long, uint3, uint3, uint3, uint3)"
3.6,569796,258,2208.5,1984.0,1824,31776,1861.2,"void fwht_cuda_block<(int)1024, (int)256, float, (bool)1>(const T3 *, float *, long, float, const float *, int)"
3.4,531780,1,531780.0,531780.0,531780,531780,0.0,"void mul_mat_q<(ggml_type)142, (int)128, (bool)0>(const char *, const int *, const int *, const int *, float *, float *, const float *, uint3, int, int, int, int, int, uint3, uint3, int, int, int, uint3, uint3, int, int, int, uint3)"
3.3,520964,361,1443.1,1344.0,1280,2016,178.7,"void quantize_q8_1<(ggml_cuda_q8_1_layout)0>(const float *, void *, long, long, long, long, long, unsigned int, uint3)"
3.2,507910,98,5182.8,5280.0,1824,10337,3313.2,"scale_f32(const float *, float *, float, float, long)"
2.1,329252,96,3429.7,3424.0,3168,3649,140.6,"void mul_mat_vec_f<__nv_bfloat16, float, (int)1, (int)256, (bool)0, (bool)0>(const T1 *, const float *, const int *, ggml_cuda_mm_fusion_args_device, float *, int, uint3, int, int, int, uint3, int, int, int, uint3, int, int, int, int)"
1.8,279778,48,5828.7,5824.0,5728,6016,63.0,"void gated_delta_net_cuda<(int)128, (bool)0, (bool)0, (bool)1, (bool)0>(const float *, const float *, const float *, const float *, const float *, const float *, const float *, const float *, float *, float *, long, long, long, long, long, long, long, long, long, long, long, long, uint3, uint3, float, long, int, const int *, long)"
1.5,239682,113,2121.1,1952.0,1760,4288,372.2,"void cpy_scalar<&cpy_1_scalar<float, float>>(const char *, char *, long, long, long, long, long, long, long, long, long, long, long, long, long, long, long)"
1.1,165058,80,2063.2,1984.0,1760,2816,274.0,"void rms_norm_f32<(int)256, (bool)1, (bool)0>(const float *, float *, int, long, long, long, float, const float *, long, long, long, uint3, uint3, uint3, uint3, const float *, long, long, long, uint3, uint3, uint3, uint3)"
1.0,163715,16,10232.2,10192.0,9921,10657,190.8,"void flash_attn_ext_f16<(int)256, (int)256, (int)1, (int)8, (bool)0, (bool)0, (ggml_type)1>(const char *, const char *, const char *, const char *, const char *, const int *, float *, float2 *, float, float, float, float, unsigned int, float, int, uint3, int, int, int, int, int, int, int, int, int, int, int, long, int, int, long, int, int, int, int, int, long)"
0.8,119489,48,2489.4,2496.0,2304,2688,58.7,"void concat_cont<unsigned int, (int)0>(const T1 *, const T1 *, T1 *, long, long, long, long, long, long)"
0.7,115074,72,1598.3,1440.0,1248,2176,323.4,"void unary_gated_op_kernel<&op_silu, float>(const T2 *, const T2 *, T2 *, long, long, long, long)"
0.7,107137,49,2186.5,2208.0,1440,2336,119.3,"void k_bin_bcast<&op_add, float, float, float, const float *>(const T2 *, const T3 *, T4 *, unsigned int, unsigned int, unsigned int, uint3, uint3, uint3, uint3, uint3, unsigned int, unsigned int, unsigned int, unsigned int, unsigned int, unsigned int, unsigned int, unsigned int, unsigned int, unsigned int, unsigned int, T5...)"
0.6,98915,49,2018.7,1472.0,1440,27361,3695.9,"void l2_norm_f32<(int)32>(const float *, float *, int, long, long, long, float)"
0.6,97984,48,2041.3,2048.0,1888,2240,95.2,"void ssm_conv_f32<(bool)1, (unsigned long)128, (unsigned long)4>(const float *, const float *, const float *, int, int, int, int, float *, int, int, int, long)"
0.6,91232,1,91232.0,91232.0,91232,91232,0.0,"void concat_non_cont<unsigned int, (int)0>(const char *, const char *, char *, long, long, long, long, unsigned long, unsigned long, unsigned long, unsigned long, long, long, long, long, unsigned long, unsigned long, unsigned long, unsigned long, long, long, long, long, unsigned long, unsigned long, unsigned long, unsigned long)"
0.6,91169,51,1787.6,1760.0,1728,2176,77.9,"void k_get_rows_float<float, float>(const T1 *, const int *, T2 *, long, long, uint3, unsigned long, unsigned long, unsigned long, unsigned long, unsigned long, unsigned long, unsigned long, unsigned long, unsigned long)"
0.6,86688,1,86688.0,86688.0,86688,86688,0.0,"void ssm_conv_long_token_f32<(bool)1, (unsigned long)128, (unsigned long)4, (long)32>(const float *, const float *, const float *, int, int, int, int, float *, int, int, int, long)"
0.3,53824,32,1682.0,1680.0,1472,1920,207.9,"void rope_multi<(bool)1, (bool)0, float>(const T3 *, T3 *, int, int, int, int, int, int, int, int, int, int, int, const int *, float, float, float, rope_corr_dims, float, const float *, mrope_sections, bool, bool)"
0.3,53121,32,1660.0,1648.0,1600,1920,69.3,"void k_set_rows<float, long, __half>(const T1 *, const T2 *, T3 *, long, long, long, long, long, long, long, long, long, long, long, long, long, long, uint3, uint3, uint3, uint3, uint3)"
0.2,35712,2,17856.0,17856.0,2656,33056,21496.0,"void k_bin_bcast<&op_mul, float, float, float, const float *>(const T2 *, const T3 *, T4 *, unsigned int, unsigned int, unsigned int, uint3, uint3, uint3, uint3, uint3, unsigned int, unsigned int, unsigned int, unsigned int, unsigned int, unsigned int, unsigned int, unsigned int, unsigned int, unsigned int, unsigned int, T5...)"
0.2,30560,2,15280.0,15280.0,2016,28544,18758.1,"void fwht_cuda_block<(int)1024, (int)256, float, (bool)0>(const T3 *, float *, long, float, const float *, int)"
0.2,28576,16,1786.0,1792.0,1760,1792,12.9,"void flash_attn_stream_k_fixup_uniform<(int)256, (int)1, (int)8>(float *, const float2 *, int, int, int, int, int, int, uint3, uint3, uint3)"
0.1,20544,16,1284.0,1280.0,1248,1312,16.0,"void unary_gated_op_kernel<&op_sigmoid, float>(const T2 *, const T2 *, T2 *, long, long, long, long)"
0.1,20448,1,20448.0,20448.0,20448,20448,0.0,"void quantize_mmq_q8_1<(mmq_q8_1_ds_layout)0, (bool)0, (bool)0, (bool)0>(const float *, const int *, void *, long, long, long, long, long, int, int, int, const float *, const float *, const float *)"
