layer	classification	ssm_shape	ssm_stride	silu_shape	silu_stride	qk_view_shape	qk_view_stride	qk_view_offset	l2_shape	l2_stride	ssm_use	silu_use	view_use	l2_use	output_pinned	ssm_input0_bytes	l2_output_bytes	l2_vs_input0_range
0	blocked_by_l2_destination_alias_with_ssm_input0	10240x1x1x1	4,40960,40960,40960	10240x1x1x1	4,40960,40960,40960	128x32x1x1	4,512,40960,40960	0	128x32x1x1	4,512,16384,16384	1	2	1	2	False	163840	16384	[0, 16384]
1	baseline_exp062_match_layout_and_alias_safe	10240x1x1x1	4,40960,40960,40960	10240x1x1x1	4,40960,40960,40960	128x32x1x1	4,512,40960,40960	0	128x32x1x1	4,512,16384,16384	1	2	1	2	False	163840	16384	None
2	blocked_by_l2_destination_alias_with_ssm_input0	10240x1x1x1	4,40960,40960,40960	10240x1x1x1	4,40960,40960,40960	128x32x1x1	4,512,40960,40960	0	128x32x1x1	4,512,16384,16384	1	2	1	2	False	163840	16384	[0, 16384]
4	baseline_exp062_match_layout_and_alias_safe	10240x1x1x1	4,40960,40960,40960	10240x1x1x1	4,40960,40960,40960	128x32x1x1	4,512,40960,40960	0	128x32x1x1	4,512,16384,16384	1	2	1	2	False	163840	16384	None
5	blocked_by_l2_destination_alias_with_ssm_input0	10240x1x1x1	4,40960,40960,40960	10240x1x1x1	4,40960,40960,40960	128x32x1x1	4,512,40960,40960	0	128x32x1x1	4,512,16384,16384	1	2	1	2	False	163840	16384	[0, 16384]
6	baseline_exp062_match_layout_and_alias_safe	10240x1x1x1	4,40960,40960,40960	10240x1x1x1	4,40960,40960,40960	128x32x1x1	4,512,40960,40960	0	128x32x1x1	4,512,16384,16384	1	2	1	2	False	163840	16384	None
8	blocked_by_l2_destination_alias_with_ssm_input0	10240x1x1x1	4,40960,40960,40960	10240x1x1x1	4,40960,40960,40960	128x32x1x1	4,512,40960,40960	0	128x32x1x1	4,512,16384,16384	1	2	1	2	False	163840	16384	[0, 16384]
9	baseline_exp062_match_layout_and_alias_safe	10240x1x1x1	4,40960,40960,40960	10240x1x1x1	4,40960,40960,40960	128x32x1x1	4,512,40960,40960	0	128x32x1x1	4,512,16384,16384	1	2	1	2	False	163840	16384	None
10	blocked_by_l2_destination_alias_with_ssm_input0	10240x1x1x1	4,40960,40960,40960	10240x1x1x1	4,40960,40960,40960	128x32x1x1	4,512,40960,40960	0	128x32x1x1	4,512,16384,16384	1	2	1	2	False	163840	16384	[0, 16384]
12	baseline_exp062_match_layout_and_alias_safe	10240x1x1x1	4,40960,40960,40960	10240x1x1x1	4,40960,40960,40960	128x32x1x1	4,512,40960,40960	0	128x32x1x1	4,512,16384,16384	1	2	1	2	False	163840	16384	None
13	blocked_by_l2_destination_alias_with_ssm_input0	10240x1x1x1	4,40960,40960,40960	10240x1x1x1	4,40960,40960,40960	128x32x1x1	4,512,40960,40960	0	128x32x1x1	4,512,16384,16384	1	2	1	2	False	163840	16384	[0, 16384]
14	baseline_exp062_match_layout_and_alias_safe	10240x1x1x1	4,40960,40960,40960	10240x1x1x1	4,40960,40960,40960	128x32x1x1	4,512,40960,40960	0	128x32x1x1	4,512,16384,16384	1	2	1	2	False	163840	16384	None
16	blocked_by_l2_destination_alias_with_ssm_input0	10240x1x1x1	4,40960,40960,40960	10240x1x1x1	4,40960,40960,40960	128x32x1x1	4,512,40960,40960	0	128x32x1x1	4,512,16384,16384	1	2	1	2	False	163840	16384	[0, 16384]
17	baseline_exp062_match_layout_and_alias_safe	10240x1x1x1	4,40960,40960,40960	10240x1x1x1	4,40960,40960,40960	128x32x1x1	4,512,40960,40960	0	128x32x1x1	4,512,16384,16384	1	2	1	2	False	163840	16384	None
18	blocked_by_l2_destination_alias_with_ssm_input0	10240x1x1x1	4,40960,40960,40960	10240x1x1x1	4,40960,40960,40960	128x32x1x1	4,512,40960,40960	0	128x32x1x1	4,512,16384,16384	1	2	1	2	False	163840	16384	[0, 16384]
20	baseline_exp062_match_layout_and_alias_safe	10240x1x1x1	4,40960,40960,40960	10240x1x1x1	4,40960,40960,40960	128x32x1x1	4,512,40960,40960	0	128x32x1x1	4,512,16384,16384	1	2	1	2	False	163840	16384	None
21	blocked_by_l2_destination_alias_with_ssm_input0	10240x1x1x1	4,40960,40960,40960	10240x1x1x1	4,40960,40960,40960	128x32x1x1	4,512,40960,40960	0	128x32x1x1	4,512,16384,16384	1	2	1	2	False	163840	16384	[0, 16384]
22	baseline_exp062_match_layout_and_alias_safe	10240x1x1x1	4,40960,40960,40960	10240x1x1x1	4,40960,40960,40960	128x32x1x1	4,512,40960,40960	0	128x32x1x1	4,512,16384,16384	1	2	1	2	False	163840	16384	None
24	blocked_by_l2_destination_alias_with_ssm_input0	10240x1x1x1	4,40960,40960,40960	10240x1x1x1	4,40960,40960,40960	128x32x1x1	4,512,40960,40960	0	128x32x1x1	4,512,16384,16384	1	2	1	2	False	163840	16384	[0, 16384]
25	baseline_exp062_match_layout_and_alias_safe	10240x1x1x1	4,40960,40960,40960	10240x1x1x1	4,40960,40960,40960	128x32x1x1	4,512,40960,40960	0	128x32x1x1	4,512,16384,16384	1	2	1	2	False	163840	16384	None
26	blocked_by_l2_destination_alias_with_ssm_input0	10240x1x1x1	4,40960,40960,40960	10240x1x1x1	4,40960,40960,40960	128x32x1x1	4,512,40960,40960	0	128x32x1x1	4,512,16384,16384	1	2	1	2	False	163840	16384	[0, 16384]
28	baseline_exp062_match_layout_and_alias_safe	10240x1x1x1	4,40960,40960,40960	10240x1x1x1	4,40960,40960,40960	128x32x1x1	4,512,40960,40960	0	128x32x1x1	4,512,16384,16384	1	2	1	2	False	163840	16384	None
29	blocked_by_l2_destination_alias_with_ssm_input0	10240x1x1x1	4,40960,40960,40960	10240x1x1x1	4,40960,40960,40960	128x32x1x1	4,512,40960,40960	0	128x32x1x1	4,512,16384,16384	1	2	1	2	False	163840	16384	[0, 16384]
30	baseline_exp062_match_layout_and_alias_safe	10240x1x1x1	4,40960,40960,40960	10240x1x1x1	4,40960,40960,40960	128x32x1x1	4,512,40960,40960	0	128x32x1x1	4,512,16384,16384	1	2	1	2	False	163840	16384	None
32	blocked_by_l2_destination_alias_with_ssm_input0	10240x1x1x1	4,40960,40960,40960	10240x1x1x1	4,40960,40960,40960	128x32x1x1	4,512,40960,40960	0	128x32x1x1	4,512,16384,16384	1	2	1	2	False	163840	16384	[0, 16384]
33	baseline_exp062_match_layout_and_alias_safe	10240x1x1x1	4,40960,40960,40960	10240x1x1x1	4,40960,40960,40960	128x32x1x1	4,512,40960,40960	0	128x32x1x1	4,512,16384,16384	1	2	1	2	False	163840	16384	None
34	blocked_by_l2_destination_alias_with_ssm_input0	10240x1x1x1	4,40960,40960,40960	10240x1x1x1	4,40960,40960,40960	128x32x1x1	4,512,40960,40960	0	128x32x1x1	4,512,16384,16384	1	2	1	2	False	163840	16384	[0, 16384]
36	baseline_exp062_match_layout_and_alias_safe	10240x1x1x1	4,40960,40960,40960	10240x1x1x1	4,40960,40960,40960	128x32x1x1	4,512,40960,40960	0	128x32x1x1	4,512,16384,16384	1	2	1	2	False	163840	16384	None
37	blocked_by_l2_destination_alias_with_ssm_input0	10240x1x1x1	4,40960,40960,40960	10240x1x1x1	4,40960,40960,40960	128x32x1x1	4,512,40960,40960	0	128x32x1x1	4,512,16384,16384	1	2	1	2	False	163840	16384	[0, 16384]
38	baseline_exp062_match_layout_and_alias_safe	10240x1x1x1	4,40960,40960,40960	10240x1x1x1	4,40960,40960,40960	128x32x1x1	4,512,40960,40960	0	128x32x1x1	4,512,16384,16384	1	2	1	2	False	163840	16384	None
40	blocked_by_l2_destination_alias_with_ssm_input0	10240x1x1x1	4,40960,40960,40960	10240x1x1x1	4,40960,40960,40960	128x32x1x1	4,512,40960,40960	0	128x32x1x1	4,512,16384,16384	1	2	1	2	False	163840	16384	[0, 16384]
41	baseline_exp062_match_layout_and_alias_safe	10240x1x1x1	4,40960,40960,40960	10240x1x1x1	4,40960,40960,40960	128x32x1x1	4,512,40960,40960	0	128x32x1x1	4,512,16384,16384	1	2	1	2	False	163840	16384	None
42	blocked_by_l2_destination_alias_with_ssm_input0	10240x1x1x1	4,40960,40960,40960	10240x1x1x1	4,40960,40960,40960	128x32x1x1	4,512,40960,40960	0	128x32x1x1	4,512,16384,16384	1	2	1	2	False	163840	16384	[0, 16384]
44	baseline_exp062_match_layout_and_alias_safe	10240x1x1x1	4,40960,40960,40960	10240x1x1x1	4,40960,40960,40960	128x32x1x1	4,512,40960,40960	0	128x32x1x1	4,512,16384,16384	1	2	1	2	False	163840	16384	None
45	blocked_by_l2_destination_alias_with_ssm_input0	10240x1x1x1	4,40960,40960,40960	10240x1x1x1	4,40960,40960,40960	128x32x1x1	4,512,40960,40960	0	128x32x1x1	4,512,16384,16384	1	2	1	2	False	163840	16384	[0, 16384]
46	baseline_exp062_match_layout_and_alias_safe	10240x1x1x1	4,40960,40960,40960	10240x1x1x1	4,40960,40960,40960	128x32x1x1	4,512,40960,40960	0	128x32x1x1	4,512,16384,16384	1	2	1	2	False	163840	16384	None
48	blocked_by_l2_destination_alias_with_ssm_input0	10240x1x1x1	4,40960,40960,40960	10240x1x1x1	4,40960,40960,40960	128x32x1x1	4,512,40960,40960	0	128x32x1x1	4,512,16384,16384	1	2	1	2	False	163840	16384	[0, 16384]
49	baseline_exp062_match_layout_and_alias_safe	10240x1x1x1	4,40960,40960,40960	10240x1x1x1	4,40960,40960,40960	128x32x1x1	4,512,40960,40960	0	128x32x1x1	4,512,16384,16384	1	2	1	2	False	163840	16384	None
50	blocked_by_l2_destination_alias_with_ssm_input0	10240x1x1x1	4,40960,40960,40960	10240x1x1x1	4,40960,40960,40960	128x32x1x1	4,512,40960,40960	0	128x32x1x1	4,512,16384,16384	1	2	1	2	False	163840	16384	[0, 16384]
52	baseline_exp062_match_layout_and_alias_safe	10240x1x1x1	4,40960,40960,40960	10240x1x1x1	4,40960,40960,40960	128x32x1x1	4,512,40960,40960	0	128x32x1x1	4,512,16384,16384	1	2	1	2	False	163840	16384	None
53	blocked_by_l2_destination_alias_with_ssm_input0	10240x1x1x1	4,40960,40960,40960	10240x1x1x1	4,40960,40960,40960	128x32x1x1	4,512,40960,40960	0	128x32x1x1	4,512,16384,16384	1	2	1	2	False	163840	16384	[0, 16384]
54	baseline_exp062_match_layout_and_alias_safe	10240x1x1x1	4,40960,40960,40960	10240x1x1x1	4,40960,40960,40960	128x32x1x1	4,512,40960,40960	0	128x32x1x1	4,512,16384,16384	1	2	1	2	False	163840	16384	None
56	blocked_by_l2_destination_alias_with_ssm_input0	10240x1x1x1	4,40960,40960,40960	10240x1x1x1	4,40960,40960,40960	128x32x1x1	4,512,40960,40960	0	128x32x1x1	4,512,16384,16384	1	2	1	2	False	163840	16384	[0, 16384]
57	baseline_exp062_match_layout_and_alias_safe	10240x1x1x1	4,40960,40960,40960	10240x1x1x1	4,40960,40960,40960	128x32x1x1	4,512,40960,40960	0	128x32x1x1	4,512,16384,16384	1	2	1	2	False	163840	16384	None
58	blocked_by_l2_destination_alias_with_ssm_input0	10240x1x1x1	4,40960,40960,40960	10240x1x1x1	4,40960,40960,40960	128x32x1x1	4,512,40960,40960	0	128x32x1x1	4,512,16384,16384	1	2	1	2	False	163840	16384	[0, 16384]
60	baseline_exp062_match_layout_and_alias_safe	10240x1x1x1	4,40960,40960,40960	10240x1x1x1	4,40960,40960,40960	128x32x1x1	4,512,40960,40960	0	128x32x1x1	4,512,16384,16384	1	2	1	2	False	163840	16384	None
61	blocked_by_l2_destination_alias_with_ssm_input0	10240x1x1x1	4,40960,40960,40960	10240x1x1x1	4,40960,40960,40960	128x32x1x1	4,512,40960,40960	0	128x32x1x1	4,512,16384,16384	1	2	1	2	False	163840	16384	[0, 16384]
62	baseline_exp062_match_layout_and_alias_safe	10240x1x1x1	4,40960,40960,40960	10240x1x1x1	4,40960,40960,40960	128x32x1x1	4,512,40960,40960	0	128x32x1x1	4,512,16384,16384	1	2	1	2	False	163840	16384	None
