replay,graph_launch_correlation_id,gpu_span_ms,kernel_instances,unique_nodes,PTQ1_0 GEMV_ms,Quantized GEMM_ms,QKV activation prep_ms,GDN_ms,RMSNorm_ms,Attention_ms,Other_ms
1,136526,12.221953,1432,1432,9.023648,0.0,0.748868,0.495109,0.361796,0.588008,0.992074
2,136562,12.215297,1432,1432,9.0152,0.0,0.748838,0.498663,0.361697,0.588424,0.992073
3,136598,12.212128,1432,1432,9.015039,0.0,0.747657,0.497668,0.361733,0.587108,0.992266
4,136634,12.213313,1432,1432,9.017026,0.0,0.746758,0.495684,0.362052,0.587014,0.993355
5,136670,12.211937,1432,1432,9.015677,0.0,0.747656,0.49687,0.361827,0.586823,0.992107
6,136706,12.204865,1432,1432,9.008512,0.0,0.747945,0.497158,0.361826,0.587303,0.992424
7,136742,12.244481,1432,1432,9.025467,0.0,0.753028,0.50071,0.364611,0.589959,0.999888
8,136778,12.247745,1432,1432,9.029823,0.0,0.753639,0.49975,0.364098,0.58839,0.99902
9,136814,12.242209,1432,1432,9.027578,0.0,0.752839,0.498823,0.364229,0.588008,0.99889
10,136850,12.241793,1432,1432,9.02249,0.0,0.752842,0.501382,0.364162,0.588296,1.000908
11,136886,12.246529,1432,1432,9.027486,0.0,0.752773,0.500743,0.364161,0.589095,1.001133
12,136922,12.243329,1432,1432,9.022395,0.0,0.753224,0.500677,0.364257,0.588455,1.001582
13,136958,12.22832,1432,1432,9.017216,0.0,0.752073,0.500963,0.363973,0.585829,0.99617
14,136994,12.235681,1432,1432,9.022047,0.0,0.752484,0.499172,0.364708,0.587813,0.997963
15,137030,12.242146,1432,1432,9.024768,0.0,0.753,0.498725,0.36522,0.589284,1.000492
16,137066,12.234177,1432,1432,9.019803,0.0,0.753291,0.498404,0.363846,0.586693,0.998984
17,137102,12.241665,1432,1432,9.025505,0.0,0.752676,0.498501,0.364388,0.588039,1.000203
18,137138,12.236737,1432,1432,9.018907,0.0,0.753163,0.498403,0.364358,0.588486,1.001194
19,137174,12.236257,1432,1432,9.022523,0.0,0.752874,0.499687,0.364004,0.587271,0.99748
20,137210,12.243489,1432,1432,9.020669,0.0,0.752682,0.503044,0.365027,0.589958,0.999819
21,137246,12.238113,1432,1432,9.018172,0.0,0.754187,0.498691,0.365093,0.589062,1.000937
22,137282,12.236417,1432,1432,9.01731,0.0,0.753512,0.499526,0.364451,0.588135,1.00129
23,137318,12.243841,1432,1432,9.019577,0.0,0.753099,0.501764,0.36554,0.59098,1.001326
24,137354,12.240929,1432,1432,9.021858,0.0,0.753156,0.501479,0.364579,0.588358,0.99934
25,137390,12.242273,1432,1432,9.020477,0.0,0.753065,0.501701,0.364901,0.588966,1.001418
26,137426,12.243041,1432,1432,9.022656,0.0,0.753127,0.501989,0.36455,0.588646,1.000295
27,137462,12.239169,1432,1432,9.02249,0.0,0.753576,0.499526,0.36461,0.588583,0.999662
28,137498,12.245218,1432,1432,9.023073,0.0,0.753317,0.502404,0.364771,0.590278,0.999694
29,137534,12.233185,1432,1432,9.017979,0.0,0.753034,0.500163,0.36407,0.586693,0.999884
30,137570,12.244705,1432,1432,9.026715,0.0,0.753386,0.498278,0.364164,0.58935,1.00081
31,137606,12.242433,1432,1432,9.025911,0.0,0.753034,0.498629,0.364645,0.588616,0.999883
32,137642,12.244065,1432,1432,9.025274,0.0,0.753421,0.502116,0.363875,0.587621,0.999914
33,137678,12.246273,1432,1432,9.026144,0.0,0.752261,0.501286,0.364194,0.589926,1.000396
34,137714,12.240897,1432,1432,9.020056,0.0,0.753484,0.501382,0.364965,0.58868,1.000265
35,137750,12.237601,1432,1432,9.020894,0.0,0.753062,0.499558,0.364739,0.586792,1.000136
36,137786,12.237057,1432,1432,9.021474,0.0,0.753062,0.497316,0.364997,0.588647,0.999782
37,137822,12.239233,1432,1432,9.020512,0.0,0.751877,0.500615,0.364738,0.588836,1.000555
38,137858,12.240481,1432,1432,9.021275,0.0,0.75297,0.502469,0.364324,0.587462,0.999851
39,137894,12.242049,1432,1432,9.024603,0.0,0.752996,0.499557,0.365284,0.589127,0.998607
40,137930,12.235873,1432,1432,9.018748,0.0,0.752774,0.499112,0.36445,0.588518,1.000076
41,137966,12.241505,1432,1432,9.021948,0.0,0.752773,0.501734,0.364421,0.587847,0.999564
42,138002,12.24013,1432,1432,9.024062,0.0,0.753225,0.498754,0.364837,0.587236,1.000844
43,138038,12.235617,1432,1432,9.015096,0.0,0.752998,0.501416,0.364451,0.58839,1.00062
44,138074,12.229409,1432,1432,9.01827,0.0,0.751913,0.500296,0.363301,0.586982,0.996196
45,138110,12.236065,1432,1432,9.023067,0.0,0.752297,0.50055,0.363362,0.587879,0.996235
46,138146,12.233569,1432,1432,9.021599,0.0,0.753128,0.500004,0.363557,0.588869,0.995017
47,138182,12.233473,1432,1432,9.021375,0.0,0.751173,0.501768,0.363009,0.58756,0.997799
48,138218,12.240097,1432,1432,9.024446,0.0,0.75342,0.499108,0.363779,0.58775,1.000169
49,138254,12.239009,1432,1432,9.02284,0.0,0.753934,0.498565,0.364516,0.586758,1.000361
50,138290,12.246018,1432,1432,9.026526,0.0,0.752426,0.501348,0.364451,0.588742,1.00081
51,138326,12.241857,1432,1432,9.022905,0.0,0.753737,0.501223,0.363811,0.589,1.000012
52,138362,12.241441,1432,1432,9.02442,0.0,0.753252,0.500998,0.36413,0.58759,0.998953
53,138398,12.235617,1432,1432,9.018238,0.0,0.753287,0.501799,0.363585,0.587143,1.000298
54,138434,12.240705,1432,1432,9.022399,0.0,0.752617,0.500677,0.364613,0.58903,0.999114
55,138470,12.240769,1432,1432,9.02627,0.0,0.751814,0.499368,0.364577,0.588712,0.997418
56,138506,12.243681,1432,1432,9.024924,0.0,0.752619,0.501636,0.364648,0.588645,1.000201
57,138542,12.234529,1432,1432,9.01501,0.0,0.752551,0.5009,0.364643,0.58855,1.001546
58,138578,12.242177,1432,1432,9.022302,0.0,0.753799,0.500518,0.365666,0.588742,0.999625
59,138614,12.245121,1432,1432,9.025317,0.0,0.752488,0.50135,0.364164,0.588774,1.001221
60,138650,12.237761,1432,1432,9.021117,0.0,0.752936,0.49802,0.363748,0.588934,0.999786
61,138686,12.244417,1432,1432,9.024796,0.0,0.753288,0.500999,0.364067,0.588903,1.00001
62,138722,12.240417,1432,1432,9.024157,0.0,0.752198,0.499877,0.36474,0.587238,1.000782
63,138758,12.242881,1432,1432,9.024605,0.0,0.753512,0.501124,0.364131,0.58791,0.999917
64,138794,12.242946,1432,1432,9.026625,0.0,0.753034,0.499239,0.365219,0.589286,0.998629
65,138830,12.244289,1432,1432,9.025307,0.0,0.753253,0.500584,0.364546,0.587687,1.000814
66,138866,12.237089,1432,1432,9.018178,0.0,0.753286,0.500678,0.36333,0.588934,1.000874
67,138902,12.238177,1432,1432,9.022753,0.0,0.752359,0.500421,0.36439,0.588166,0.998055
68,138938,12.236961,1432,1432,9.017602,0.0,0.753478,0.501636,0.364737,0.58871,1.000174
69,138974,12.243553,1432,1432,9.02537,0.0,0.753516,0.499016,0.364645,0.589639,1.000999
70,139010,12.243329,1432,1432,9.026045,0.0,0.753,0.500262,0.363972,0.587174,1.000202
71,139046,12.235809,1432,1432,9.019389,0.0,0.752518,0.499747,0.363874,0.588389,0.999762
72,139082,12.243009,1432,1432,9.024733,0.0,0.753094,0.500899,0.363911,0.587943,0.999464
73,139118,12.239265,1432,1432,9.020414,0.0,0.752776,0.500965,0.364675,0.587941,1.00078
74,139154,12.240737,1432,1432,9.023139,0.0,0.753319,0.500069,0.364293,0.588134,0.999942
75,139190,12.238625,1432,1432,9.024061,0.0,0.753831,0.497699,0.364517,0.587206,0.999977
76,139226,12.246049,1432,1432,9.024604,0.0,0.752681,0.503365,0.364355,0.588262,1.000873
77,139262,12.235713,1432,1432,9.018881,0.0,0.752965,0.498531,0.364549,0.58903,1.000363
78,139298,12.240033,1432,1432,9.021084,0.0,0.75185,0.500517,0.365316,0.588936,1.000393
79,139334,12.242625,1432,1432,9.02496,0.0,0.752706,0.499878,0.364516,0.588101,1.001133
80,139370,12.240737,1432,1432,9.024054,0.0,0.752713,0.501609,0.364773,0.586952,0.998378
81,139406,12.244289,1432,1432,9.026367,0.0,0.752968,0.499747,0.364868,0.588325,0.999947
82,139442,12.235489,1432,1432,9.018141,0.0,0.753162,0.49898,0.364262,0.588964,1.00068
83,139478,12.240642,1432,1432,9.023617,0.0,0.751879,0.500933,0.364324,0.587398,1.000683
84,139514,12.236546,1432,1432,9.018112,0.0,0.753832,0.499014,0.36461,0.589415,0.999463
85,139550,12.240066,1432,1432,9.021434,0.0,0.75329,0.500357,0.364773,0.588294,0.99921
86,139586,12.235105,1432,1432,9.014075,0.0,0.75367,0.50061,0.364838,0.588741,1.001232
87,139622,12.240578,1432,1432,9.02387,0.0,0.752485,0.499559,0.364773,0.58807,0.999978
88,139658,12.240898,1432,1432,9.025662,0.0,0.751912,0.500101,0.364226,0.587271,1.000106
89,139694,12.243457,1432,1432,9.023389,0.0,0.75402,0.501253,0.365284,0.5881,1.000912
90,139730,12.232738,1432,1432,9.017601,0.0,0.752937,0.500966,0.364804,0.588166,0.997605
91,139766,12.24333,1432,1432,9.025216,0.0,0.752328,0.501158,0.364484,0.587943,1.000617
92,139802,12.242434,1432,1432,9.021601,0.0,0.752229,0.500901,0.365603,0.588104,1.001546
93,139838,12.242849,1432,1432,9.022589,0.0,0.752932,0.502757,0.364709,0.587269,1.000173
94,139874,12.240353,1432,1432,9.020129,0.0,0.752836,0.501699,0.364484,0.589411,0.999984
95,139910,12.244898,1432,1432,9.030783,0.0,0.753132,0.497829,0.364868,0.586789,0.999592
96,139946,12.236706,1432,1432,9.019454,0.0,0.753705,0.498885,0.364802,0.589094,0.998444
97,139982,12.240097,1432,1432,9.024545,0.0,0.75239,0.501446,0.364007,0.587459,0.999046
98,140018,12.238658,1432,1432,9.021309,0.0,0.753001,0.499078,0.364196,0.588551,1.000715
99,140054,12.237986,1432,1432,9.019867,0.0,0.752614,0.500584,0.365092,0.588135,0.998892
100,140090,12.244417,1432,1432,9.023647,0.0,0.752804,0.502598,0.364646,0.589189,0.999306
101,140126,12.241793,1432,1432,9.022621,0.0,0.754218,0.500486,0.363683,0.589223,0.999433
102,140162,12.241698,1432,1432,9.024058,0.0,0.753579,0.499395,0.364997,0.586757,1.000718
103,140198,12.244706,1432,1432,9.02493,0.0,0.753635,0.49962,0.365092,0.58855,1.001356
104,140234,12.24429,1432,1432,9.024287,0.0,0.753639,0.500295,0.36471,0.589574,1.000296
105,140270,12.238818,1432,1432,9.022718,0.0,0.753291,0.498853,0.362852,0.588583,0.99991
106,140306,12.24093,1432,1432,9.024346,0.0,0.752714,0.498822,0.365444,0.588742,0.998824
107,140342,12.23901,1432,1432,9.019745,0.0,0.753508,0.499848,0.364484,0.589286,1.000521
108,140378,12.239105,1432,1432,9.021889,0.0,0.752359,0.500866,0.364613,0.586789,0.999945
109,140414,12.241154,1432,1432,9.024065,0.0,0.753256,0.501256,0.364483,0.586886,0.99911
110,140450,12.240706,1432,1432,9.019994,0.0,0.752137,0.50183,0.3641,0.589222,1.000971
111,140486,12.24301,1432,1432,9.024867,0.0,0.75351,0.500804,0.364194,0.587594,0.999913
112,140522,12.246914,1432,1432,9.024029,0.0,0.753416,0.501415,0.364994,0.589736,1.001288
113,140558,12.242241,1432,1432,9.021091,0.0,0.753289,0.501861,0.364736,0.588773,1.000842
114,140594,12.24237,1432,1432,9.025505,0.0,0.752999,0.501125,0.363906,0.58855,0.998728
115,140630,12.239234,1432,1432,9.021793,0.0,0.752963,0.499367,0.364035,0.58855,1.001036
116,140666,12.242561,1432,1432,9.025084,0.0,0.752934,0.50116,0.364579,0.587878,1.000046
117,140702,12.239906,1432,1432,9.020381,0.0,0.753577,0.501444,0.36426,0.588454,1.000937
118,140738,12.232866,1432,1432,9.017119,0.0,0.75399,0.498406,0.36442,0.58695,1.000268
119,140774,12.239874,1432,1432,9.023935,0.0,0.752584,0.500264,0.363779,0.587302,1.000104
120,140810,12.244066,1432,1432,9.027674,0.0,0.753385,0.499657,0.364134,0.58871,0.99911
121,140846,12.239777,1432,1432,9.022905,0.0,0.753065,0.500677,0.364419,0.588006,0.998443
122,140882,12.244129,1432,1432,9.023424,0.0,0.752969,0.502149,0.364869,0.587591,1.001222
123,140918,12.240354,1432,1432,9.022689,0.0,0.752778,0.500038,0.364678,0.589063,0.998499
124,140954,12.23901,1432,1432,9.023457,0.0,0.752518,0.498151,0.364547,0.586599,1.000458
125,140990,12.237218,1432,1432,9.018944,0.0,0.752841,0.500515,0.364964,0.587943,0.999945
126,141026,12.24397,1432,1432,9.027451,0.0,0.752008,0.499301,0.364134,0.589606,1.000075
127,141062,12.240065,1432,1432,9.021884,0.0,0.752421,0.500516,0.364549,0.58871,0.999695
128,141483,12.210177,1432,1432,9.012829,0.0,0.748328,0.497222,0.362113,0.587238,0.991917
129,141519,12.211202,1432,1432,9.01174,0.0,0.747304,0.499141,0.362117,0.585798,0.994186
130,141555,12.214561,1432,1432,9.016445,0.0,0.747719,0.496965,0.360932,0.589255,0.992555
131,141591,12.231266,1432,1432,9.018204,0.0,0.751881,0.500487,0.363076,0.587974,0.998348
132,141627,12.242338,1432,1432,9.025372,0.0,0.753448,0.499336,0.364033,0.58852,0.999916
133,141663,12.245698,1432,1432,9.026431,0.0,0.752262,0.500774,0.365091,0.588455,1.000779
134,141699,12.241089,1432,1432,9.022529,0.0,0.751849,0.499811,0.364708,0.590086,0.999562
135,141735,12.245442,1432,1432,9.027296,0.0,0.75316,0.500455,0.363524,0.587785,1.000033
136,141771,12.234882,1432,1432,9.021019,0.0,0.752775,0.499813,0.364708,0.586951,0.998444
137,141807,12.24093,1432,1432,9.024414,0.0,0.754153,0.498152,0.364676,0.588839,1.0002
138,141843,12.243778,1432,1432,9.02553,0.0,0.752325,0.500228,0.364807,0.587717,1.000525
139,141879,12.238146,1432,1432,9.019387,0.0,0.754149,0.501031,0.364196,0.588263,0.999918
140,141915,12.240546,1432,1432,9.022521,0.0,0.753742,0.500228,0.364227,0.589383,0.998794
141,141951,12.239586,1432,1432,9.022557,0.0,0.752008,0.500903,0.364386,0.589158,0.999245
142,141987,12.234017,1432,1432,9.017439,0.0,0.753098,0.499462,0.363588,0.589254,0.99972
143,142023,12.244706,1432,1432,9.02681,0.0,0.753863,0.500005,0.364322,0.588712,0.998577
144,142059,12.235681,1432,1432,9.017919,0.0,0.752553,0.50055,0.364356,0.589414,0.998758
145,142095,12.238114,1432,1432,9.019805,0.0,0.752229,0.502087,0.364833,0.58695,1.000429
146,142131,12.241762,1432,1432,9.023835,0.0,0.75284,0.499684,0.364934,0.589126,1.000237
147,142167,12.234017,1432,1432,9.019549,0.0,0.752361,0.500773,0.364228,0.587526,0.997417
148,142203,12.238113,1432,1432,9.023618,0.0,0.753067,0.49901,0.363622,0.587973,0.999301
149,142239,12.245185,1432,1432,9.025087,0.0,0.753159,0.500262,0.365447,0.589252,1.000168
150,142275,12.240226,1432,1432,9.022561,0.0,0.752393,0.500099,0.364162,0.588551,1.000169
151,142311,12.240065,1432,1432,9.019774,0.0,0.752299,0.501988,0.364772,0.589094,0.99988
152,142347,12.240065,1432,1432,9.023073,0.0,0.751526,0.500676,0.364644,0.587015,1.000041
153,142383,12.241122,1432,1432,9.019493,0.0,0.753159,0.500518,0.365058,0.590312,1.000102
154,142419,12.240322,1432,1432,9.021308,0.0,0.753192,0.499204,0.365284,0.589095,1.000621
155,142455,12.237186,1432,1432,9.022305,0.0,0.753384,0.499398,0.364354,0.588199,0.999113
156,142491,12.238722,1432,1432,9.020988,0.0,0.752743,0.500551,0.363651,0.588839,1.000107
157,142527,12.242882,1432,1432,9.027102,0.0,0.752741,0.500167,0.363974,0.587813,0.999756
158,142563,12.237154,1432,1432,9.022144,0.0,0.752903,0.499429,0.364196,0.58679,1.000043
159,142599,12.244226,1432,1432,9.026592,0.0,0.752779,0.498756,0.365157,0.589319,1.000134
160,142635,12.242754,1432,1432,9.024604,0.0,0.75297,0.500262,0.365249,0.588231,1.000076
161,142671,12.242018,1432,1432,9.023776,0.0,0.753606,0.502372,0.364707,0.587656,0.999272
162,142707,12.24173,1432,1432,9.023871,0.0,0.752743,0.50199,0.364835,0.586439,1.000267
163,142743,12.235041,1432,1432,9.017891,0.0,0.752934,0.499908,0.363873,0.589797,0.99883
164,142779,12.242625,1432,1432,9.023618,0.0,0.753352,0.500804,0.364228,0.589091,1.000138
165,142815,12.238178,1432,1432,9.021759,0.0,0.752201,0.500228,0.364738,0.587559,1.000426
166,142851,12.241186,1432,1432,9.021631,0.0,0.75351,0.500964,0.364549,0.589542,0.999083
167,142887,12.240738,1432,1432,9.021502,0.0,0.753386,0.501957,0.363941,0.588709,0.999369
168,142923,12.241186,1432,1432,9.019903,0.0,0.752809,0.503399,0.364675,0.589127,0.999335
169,142959,12.241793,1432,1432,9.025954,0.0,0.753001,0.500357,0.363909,0.587332,0.99924
170,142995,12.239298,1432,1432,9.021665,0.0,0.753322,0.500325,0.364579,0.587432,1.001415
171,143031,12.241282,1432,1432,9.0216,0.0,0.752294,0.5018,0.363809,0.589864,0.999593
172,143067,12.240354,1432,1432,9.023008,0.0,0.753193,0.499811,0.364705,0.588038,1.000458
173,143103,12.240962,1432,1432,9.023264,0.0,0.752873,0.499365,0.364962,0.588838,1.000044
174,143139,12.240129,1432,1432,9.022524,0.0,0.752074,0.499108,0.365125,0.589157,0.999754
175,143175,12.233825,1432,1432,9.017026,0.0,0.752266,0.501093,0.365155,0.587973,0.998408
176,143211,12.238754,1432,1432,9.019614,0.0,0.754054,0.50007,0.364963,0.588935,0.999307
177,143247,12.243554,1432,1432,9.022751,0.0,0.752678,0.501255,0.364899,0.589349,1.000747
178,143283,12.238306,1432,1432,9.022688,0.0,0.752647,0.499813,0.364068,0.587335,0.999722
179,143319,12.24125,1432,1432,9.0239,0.0,0.753225,0.500135,0.363744,0.588999,0.999021
180,143355,12.240577,1432,1432,9.023618,0.0,0.753769,0.500547,0.363974,0.587302,1.000229
181,143391,12.239874,1432,1432,9.022303,0.0,0.752903,0.500613,0.364387,0.587749,1.000684
182,143427,12.237889,1432,1432,9.023903,0.0,0.752135,0.499141,0.364228,0.58647,0.999018
183,143463,12.238594,1432,1432,9.02202,0.0,0.752679,0.498822,0.364098,0.588423,1.000904
184,143499,12.237186,1432,1432,9.019713,0.0,0.754087,0.500677,0.364196,0.587718,0.999659
185,143535,12.241474,1432,1432,9.024285,0.0,0.75287,0.500423,0.364129,0.587751,0.999594
186,143571,12.235714,1432,1432,9.019489,0.0,0.753735,0.498308,0.364101,0.58711,1.000873
187,143607,12.233697,1432,1432,9.018079,0.0,0.753162,0.499522,0.364325,0.586629,1.000426
188,143643,12.237986,1432,1432,9.021242,0.0,0.752138,0.49962,0.363652,0.588165,1.000621
189,143679,12.24269,1432,1432,9.022878,0.0,0.753702,0.502758,0.364161,0.587846,0.999503
190,143715,12.24333,1432,1432,9.025181,0.0,0.753546,0.500166,0.365541,0.587239,1.000424
191,143751,12.236354,1432,1432,9.020639,0.0,0.752807,0.500485,0.364547,0.588487,0.997676
192,143787,12.23533,1432,1432,9.017476,0.0,0.752995,0.49959,0.364932,0.588517,1.000842
193,143823,12.244546,1432,1432,9.023897,0.0,0.752809,0.502405,0.36458,0.588615,1.000299
194,143859,12.245729,1432,1432,9.029412,0.0,0.752773,0.499016,0.364962,0.587271,1.000102
195,143895,12.23565,1432,1432,9.01894,0.0,0.75169,0.499941,0.365444,0.588136,0.998791
196,143931,12.236066,1432,1432,9.018878,0.0,0.753195,0.499907,0.364612,0.588423,0.999498
197,143967,12.244866,1432,1432,9.025469,0.0,0.753511,0.500167,0.364552,0.588454,1.000839
198,144003,12.237954,1432,1432,9.01926,0.0,0.752903,0.50036,0.364326,0.589159,1.000104
199,144039,12.243586,1432,1432,9.025663,0.0,0.752553,0.501159,0.364805,0.589926,0.997863
200,144075,12.242082,1432,1432,9.025504,0.0,0.753321,0.500069,0.364515,0.58804,0.999849
201,144111,12.242082,1432,1432,9.02291,0.0,0.752619,0.499299,0.364165,0.591046,0.99921
202,144147,12.245378,1432,1432,9.026935,0.0,0.75313,0.501381,0.365347,0.586665,1.00017
203,144183,12.23677,1432,1432,9.01875,0.0,0.753799,0.499237,0.364482,0.588838,0.999882
204,144219,12.240577,1432,1432,9.023487,0.0,0.752871,0.498981,0.364357,0.58938,0.999945
205,144255,12.234434,1432,1432,9.022209,0.0,0.751912,0.500615,0.363364,0.587654,0.997958
206,144291,12.229154,1432,1432,9.019615,0.0,0.752811,0.498245,0.363778,0.587687,0.995239
207,144327,12.231874,1432,1432,9.020702,0.0,0.752295,0.49863,0.363525,0.588423,0.996808
208,144363,12.239713,1432,1432,9.021243,0.0,0.75358,0.501863,0.364325,0.587716,0.998696
209,144399,12.244866,1432,1432,9.025629,0.0,0.753191,0.500131,0.364452,0.588649,1.00046
210,144435,12.23869,1432,1432,9.020959,0.0,0.753288,0.499717,0.364325,0.589318,1.001098
211,144471,12.239489,1432,1432,9.019774,0.0,0.75364,0.500772,0.364644,0.588228,0.999819
212,144507,12.243938,1432,1432,9.026846,0.0,0.752684,0.500806,0.365058,0.587975,0.998408
213,144543,12.245282,1432,1432,9.025088,0.0,0.753831,0.503492,0.365026,0.587206,0.999662
214,144579,12.240417,1432,1432,9.021923,0.0,0.753034,0.499812,0.364576,0.588357,1.000615
215,144615,12.240674,1432,1432,9.01894,0.0,0.75383,0.500902,0.365092,0.589477,0.999531
216,144651,12.239137,1432,1432,9.020153,0.0,0.753031,0.501477,0.364675,0.588358,0.999599
217,144687,12.244162,1432,1432,9.026401,0.0,0.753127,0.500483,0.363876,0.588328,1.000103
218,144723,12.243201,1432,1432,9.023519,0.0,0.752552,0.501669,0.365191,0.588612,0.999048
219,144759,12.239266,1432,1432,9.018398,0.0,0.753419,0.503302,0.363652,0.589287,0.999495
220,144795,12.240418,1432,1432,9.022461,0.0,0.753573,0.501605,0.364099,0.58807,0.998991
221,144831,12.235777,1432,1432,9.019482,0.0,0.753161,0.499397,0.365028,0.586854,0.999656
222,144867,12.239617,1432,1432,9.022685,0.0,0.753288,0.501477,0.364166,0.587526,0.999208
223,144903,12.243842,1432,1432,9.02397,0.0,0.7529,0.501669,0.364707,0.587781,1.000264
224,144939,12.24125,1432,1432,9.024092,0.0,0.753448,0.50055,0.364517,0.587781,0.999819
225,144975,12.23853,1432,1432,9.020316,0.0,0.752876,0.500964,0.363715,0.588743,1.000332
226,145011,12.246114,1432,1432,9.0255,0.0,0.754155,0.500936,0.363845,0.587973,1.000805
227,145047,12.240193,1432,1432,9.023583,0.0,0.753707,0.499685,0.363651,0.587366,0.999497
228,145083,12.240097,1432,1432,9.020315,0.0,0.752714,0.501892,0.36397,0.58775,0.999977
229,145119,12.241762,1432,1432,9.023072,0.0,0.752683,0.500998,0.364391,0.58871,1.000293
230,145155,12.243842,1432,1432,9.024799,0.0,0.753958,0.498724,0.365379,0.58951,1.000335
231,145191,12.237186,1432,1432,9.022213,0.0,0.752742,0.500067,0.364549,0.587331,0.999784
232,145227,12.239426,1432,1432,9.020446,0.0,0.752458,0.50154,0.36442,0.588072,1.000106
233,145263,12.236546,1432,1432,9.021503,0.0,0.752874,0.499207,0.364452,0.587781,0.998728
234,145299,12.237122,1432,1432,9.02118,0.0,0.751851,0.500325,0.364515,0.587814,0.999083
235,145335,12.235202,1432,1432,9.019903,0.0,0.753065,0.500968,0.364449,0.586824,0.998375
236,145371,12.240322,1432,1432,9.022559,0.0,0.752138,0.500964,0.365221,0.589638,0.998409
237,145407,12.238946,1432,1432,9.025504,0.0,0.752679,0.49818,0.364356,0.587367,1.000296
238,145443,12.23789,1432,1432,9.019711,0.0,0.753607,0.501124,0.365028,0.587143,1.0003
239,145479,12.24317,1432,1432,9.025889,0.0,0.753737,0.499779,0.365506,0.588006,0.999916
240,145515,12.238178,1432,1432,9.022399,0.0,0.75265,0.500071,0.364101,0.588326,0.999432
241,145551,12.238274,1432,1432,9.020067,0.0,0.753094,0.500644,0.364514,0.588582,1.000205
242,145587,12.245251,1432,1432,9.024668,0.0,0.753899,0.501988,0.364326,0.58794,1.001356
243,145623,12.240867,1432,1432,9.022048,0.0,0.752456,0.502757,0.364355,0.586949,1.000619
244,145659,12.238275,1432,1432,9.019747,0.0,0.753158,0.500551,0.364293,0.589061,1.000326
245,145695,12.24621,1432,1432,9.026683,0.0,0.752874,0.500965,0.364484,0.588965,1.000012
246,145731,12.235618,1432,1432,9.018272,0.0,0.752872,0.501028,0.364451,0.589094,0.998381
247,145767,12.246147,1432,1432,9.028738,0.0,0.752775,0.49895,0.364292,0.589734,0.999434
248,145803,12.232322,1432,1432,9.016508,0.0,0.753098,0.500325,0.364515,0.587912,0.998507
249,145839,12.243234,1432,1432,9.028637,0.0,0.752971,0.499077,0.364773,0.58695,1.000006
250,145875,12.240003,1432,1432,9.022751,0.0,0.75284,0.500485,0.365187,0.587782,1.000262
251,145911,12.240418,1432,1432,9.023644,0.0,0.753448,0.499366,0.364291,0.587496,1.000266
252,145947,12.240162,1432,1432,9.024386,0.0,0.752165,0.500003,0.364546,0.587751,1.000463
253,145983,12.244898,1432,1432,9.027036,0.0,0.75265,0.501126,0.364389,0.588518,1.000107
254,146019,12.23517,1432,1432,9.016895,0.0,0.752681,0.500548,0.363684,0.588742,0.999947
255,146055,12.237219,1432,1432,9.020738,0.0,0.753706,0.499172,0.364642,0.587558,0.998952
