2026/10/07 12:31:11.946, 52, 0, 173, 10240
2026/10/07 12:31:12.153, 52, 0, 175, 10240
2026/10/07 12:31:12.353, 52, 0, 397, 10240
2026/10/07 12:31:12.554, 54, 0, 397, 10240
2026/10/07 12:31:12.754, 54, 0, 397, 10240
2026/10/07 12:31:12.954, 54, 0, 397, 10240
2026/10/07 12:31:13.154, 55, 0, 397, 10240
2026/10/07 12:31:13.354, 55, 0, 397, 10240
2026/10/07 12:31:13.554, 55, 0, 397, 10240
2026/10/07 12:31:13.755, 55, 0, 397, 10240
2026/10/07 12:31:13.955, 55, 0, 7369, 10240
2026/10/07 12:31:14.155, 55, 0, 7369, 10240
2026/10/07 12:31:14.355, 55, 0, 7369, 10240
2026/10/07 12:31:14.555, 55, 92, 7369, 10240
2026/10/07 12:31:14.756, 55, 92, 7373, 10240
2026/10/07 12:31:14.956, 55, 92, 8445, 10240
2026/10/07 12:31:15.156, 56, 92, 8473, 10240
2026/10/07 12:31:15.356, 56, 92, 8473, 10240
2026/10/07 12:31:15.556, 58, 32, 8485, 10240
2026/10/07 12:31:15.756, 58, 32, 8485, 10240
2026/10/07 12:31:15.956, 58, 32, 8485, 10240
2026/10/07 12:31:16.156, 62, 32, 8485, 10240
2026/10/07 12:31:16.357, 62, 32, 8485, 10240
2026/10/07 12:31:16.557, 62, 94, 8485, 10240
2026/10/07 12:31:16.757, 62, 94, 8485, 10240
2026/10/07 12:31:16.957, 62, 94, 8485, 10240
2026/10/07 12:31:17.157, 63, 94, 8485, 10240
2026/10/07 12:31:17.357, 63, 94, 8485, 10240
2026/10/07 12:31:17.558, 62, 47, 8485, 10240
2026/10/07 12:31:17.758, 62, 47, 8485, 10240
2026/10/07 12:31:17.958, 62, 47, 8485, 10240
2026/10/07 12:31:18.158, 63, 47, 8485, 10240
2026/10/07 12:31:18.358, 63, 47, 8485, 10240
2026/10/07 12:31:18.558, 63, 94, 8485, 10240
2026/10/07 12:31:18.758, 63, 94, 8485, 10240
2026/10/07 12:31:18.959, 63, 94, 8485, 10240
2026/10/07 12:31:19.159, 63, 94, 8485, 10240
2026/10/07 12:31:19.359, 63, 94, 8485, 10240
2026/10/07 12:31:19.559, 64, 76, 8485, 10240
2026/10/07 12:31:19.759, 64, 76, 8485, 10240
2026/10/07 12:31:19.959, 64, 76, 8485, 10240
2026/10/07 12:31:20.159, 64, 76, 8485, 10240
2026/10/07 12:31:20.360, 64, 76, 8485, 10240
2026/10/07 12:31:20.560, 64, 95, 8485, 10240
2026/10/07 12:31:20.760, 64, 95, 8485, 10240
2026/10/07 12:31:20.960, 64, 95, 8485, 10240
2026/10/07 12:31:21.160, 65, 95, 8485, 10240
2026/10/07 12:31:21.360, 65, 95, 8485, 10240
2026/10/07 12:31:21.560, 65, 87, 8485, 10240
2026/10/07 12:31:21.761, 65, 87, 8485, 10240
2026/10/07 12:31:21.961, 65, 87, 8485, 10240
2026/10/07 12:31:22.161, 65, 87, 8485, 10240
2026/10/07 12:31:22.361, 65, 87, 8485, 10240
2026/10/07 12:31:22.561, 65, 94, 8485, 10240
2026/10/07 12:31:22.761, 65, 94, 8485, 10240
2026/10/07 12:31:22.961, 65, 94, 8485, 10240
2026/10/07 12:31:23.162, 65, 94, 8485, 10240
2026/10/07 12:31:23.362, 65, 94, 8485, 10240
2026/10/07 12:31:23.562, 65, 94, 8485, 10240
2026/10/07 12:31:23.762, 65, 94, 8485, 10240
2026/10/07 12:31:23.962, 65, 94, 8485, 10240
2026/10/07 12:31:24.162, 65, 94, 8485, 10240
2026/10/07 12:31:24.362, 65, 94, 8485, 10240
2026/10/07 12:31:24.563, 65, 94, 8485, 10240
2026/10/07 12:31:24.763, 65, 94, 8485, 10240
2026/10/07 12:31:24.963, 65, 94, 8485, 10240
2026/10/07 12:31:25.163, 66, 94, 8485, 10240
2026/10/07 12:31:25.363, 66, 94, 8485, 10240
2026/10/07 12:31:25.563, 66, 93, 8485, 10240
2026/10/07 12:31:25.763, 66, 93, 8485, 10240
2026/10/07 12:31:25.964, 66, 93, 8485, 10240
2026/10/07 12:31:26.164, 65, 93, 8485, 10240
2026/10/07 12:31:26.364, 65, 93, 8485, 10240
2026/10/07 12:31:26.564, 66, 95, 8485, 10240
2026/10/07 12:31:26.764, 66, 95, 8485, 10240
2026/10/07 12:31:26.964, 66, 95, 8485, 10240
2026/10/07 12:31:27.164, 67, 95, 8485, 10240
2026/10/07 12:31:27.364, 67, 95, 8485, 10240
2026/10/07 12:31:27.565, 66, 94, 8485, 10240
2026/10/07 12:31:27.765, 66, 94, 8485, 10240
2026/10/07 12:31:27.965, 66, 94, 8485, 10240
2026/10/07 12:31:28.165, 66, 94, 8485, 10240
2026/10/07 12:31:28.365, 66, 94, 8485, 10240
2026/10/07 12:31:28.565, 66, 94, 8485, 10240
2026/10/07 12:31:28.766, 66, 94, 8485, 10240
2026/10/07 12:31:28.966, 66, 94, 8485, 10240
2026/10/07 12:31:29.166, 65, 94, 8485, 10240
2026/10/07 12:31:29.366, 65, 94, 8485, 10240
2026/10/07 12:31:29.566, 66, 80, 8485, 10240
2026/10/07 12:31:29.766, 66, 80, 8485, 10240
2026/10/07 12:31:29.966, 66, 80, 8485, 10240
2026/10/07 12:31:30.167, 67, 80, 8485, 10240
2026/10/07 12:31:30.367, 67, 80, 8485, 10240
2026/10/07 12:31:30.567, 67, 93, 8485, 10240
2026/10/07 12:31:30.767, 67, 93, 8485, 10240
2026/10/07 12:31:30.967, 67, 93, 8485, 10240
2026/10/07 12:31:31.167, 68, 93, 8485, 10240
2026/10/07 12:31:31.367, 68, 93, 8485, 10240
2026/10/07 12:31:31.568, 67, 94, 8485, 10240
2026/10/07 12:31:31.768, 67, 94, 8485, 10240
2026/10/07 12:31:31.968, 67, 94, 8485, 10240
2026/10/07 12:31:32.168, 67, 94, 8485, 10240
2026/10/07 12:31:32.368, 67, 94, 8485, 10240
2026/10/07 12:31:32.568, 68, 100, 8485, 10240
2026/10/07 12:31:32.769, 68, 100, 8485, 10240
2026/10/07 12:31:32.969, 68, 100, 8485, 10240
2026/10/07 12:31:33.169, 67, 100, 8485, 10240
2026/10/07 12:31:33.369, 67, 100, 8485, 10240
2026/10/07 12:31:33.569, 67, 93, 8485, 10240
2026/10/07 12:31:33.769, 67, 93, 8485, 10240
2026/10/07 12:31:33.969, 67, 93, 8485, 10240
2026/10/07 12:31:34.170, 68, 93, 8485, 10240
2026/10/07 12:31:34.370, 68, 93, 8485, 10240
2026/10/07 12:31:34.570, 65, 64, 8485, 10240
2026/10/07 12:31:34.770, 65, 64, 8485, 10240
2026/10/07 12:31:34.970, 65, 64, 8485, 10240
2026/10/07 12:31:35.170, 68, 64, 8485, 10240
2026/10/07 12:31:35.370, 68, 64, 8485, 10240
2026/10/07 12:31:35.571, 68, 93, 8485, 10240
2026/10/07 12:31:35.771, 68, 93, 8485, 10240
2026/10/07 12:31:35.971, 68, 93, 8485, 10240
2026/10/07 12:31:36.171, 69, 93, 8485, 10240
2026/10/07 12:31:36.371, 69, 93, 8485, 10240
2026/10/07 12:31:36.571, 68, 93, 8485, 10240
2026/10/07 12:31:36.772, 68, 93, 8485, 10240
2026/10/07 12:31:36.972, 68, 93, 8485, 10240
2026/10/07 12:31:37.172, 69, 93, 8485, 10240
2026/10/07 12:31:37.372, 69, 93, 8485, 10240
2026/10/07 12:31:37.572, 68, 80, 8485, 10240
2026/10/07 12:31:37.772, 68, 80, 8485, 10240
2026/10/07 12:31:37.973, 68, 80, 8485, 10240
2026/10/07 12:31:38.173, 68, 80, 8485, 10240
2026/10/07 12:31:38.373, 68, 80, 8485, 10240
2026/10/07 12:31:38.573, 69, 93, 8485, 10240
2026/10/07 12:31:38.773, 69, 93, 8485, 10240
2026/10/07 12:31:38.973, 69, 93, 8485, 10240
2026/10/07 12:31:39.173, 69, 93, 8485, 10240
2026/10/07 12:31:39.374, 69, 93, 8485, 10240
2026/10/07 12:31:39.574, 70, 100, 8485, 10240
2026/10/07 12:31:39.774, 70, 100, 8485, 10240
2026/10/07 12:31:39.974, 70, 100, 8485, 10240
2026/10/07 12:31:40.174, 69, 100, 8485, 10240
2026/10/07 12:31:40.374, 69, 100, 8485, 10240
2026/10/07 12:31:40.575, 70, 93, 8485, 10240
2026/10/07 12:31:40.775, 70, 93, 8485, 10240
2026/10/07 12:31:40.975, 70, 93, 8485, 10240
2026/10/07 12:31:41.175, 65, 93, 8485, 10240
2026/10/07 12:31:41.375, 65, 93, 8485, 10240
2026/10/07 12:31:41.575, 69, 48, 8485, 10240
2026/10/07 12:31:41.775, 69, 48, 8485, 10240
2026/10/07 12:31:41.976, 69, 48, 8485, 10240
2026/10/07 12:31:42.176, 70, 48, 8485, 10240
2026/10/07 12:31:42.376, 70, 48, 8485, 10240
2026/10/07 12:31:42.576, 70, 93, 8485, 10240
2026/10/07 12:31:42.776, 70, 93, 8485, 10240
2026/10/07 12:31:42.976, 70, 93, 8485, 10240
2026/10/07 12:31:43.177, 71, 93, 8485, 10240
2026/10/07 12:31:43.377, 71, 93, 8485, 10240
2026/10/07 12:31:43.577, 70, 95, 8485, 10240
2026/10/07 12:31:43.778, 70, 95, 8485, 10240
2026/10/07 12:31:43.978, 70, 95, 8485, 10240
2026/10/07 12:31:44.178, 71, 95, 8485, 10240
2026/10/07 12:31:44.378, 71, 95, 8485, 10240
2026/10/07 12:31:44.578, 71, 93, 8485, 10240
2026/10/07 12:31:44.778, 71, 93, 8485, 10240
2026/10/07 12:31:44.978, 71, 93, 8485, 10240
2026/10/07 12:31:45.179, 72, 93, 8485, 10240
2026/10/07 12:31:45.379, 72, 93, 8485, 10240
2026/10/07 12:31:45.579, 71, 93, 8485, 10240
2026/10/07 12:31:45.779, 71, 93, 8485, 10240
2026/10/07 12:31:45.979, 71, 93, 8485, 10240
2026/10/07 12:31:46.179, 71, 93, 8485, 10240
2026/10/07 12:31:46.379, 71, 93, 8485, 10240
2026/10/07 12:31:46.580, 70, 79, 8485, 10240
2026/10/07 12:31:46.780, 70, 79, 8485, 10240
2026/10/07 12:31:46.980, 70, 79, 8485, 10240
2026/10/07 12:31:47.180, 71, 79, 8485, 10240
2026/10/07 12:31:47.380, 71, 79, 8485, 10240
2026/10/07 12:31:47.580, 72, 93, 8485, 10240
2026/10/07 12:31:47.780, 72, 93, 8485, 10240
2026/10/07 12:31:47.981, 72, 93, 8485, 10240
2026/10/07 12:31:48.181, 71, 93, 8485, 10240
2026/10/07 12:31:48.381, 71, 93, 8485, 10240
2026/10/07 12:31:48.581, 73, 100, 8485, 10240
2026/10/07 12:31:48.781, 73, 100, 8485, 10240
2026/10/07 12:31:48.981, 73, 100, 8485, 10240
2026/10/07 12:31:49.181, 72, 100, 8485, 10240
2026/10/07 12:31:49.382, 72, 100, 8485, 10240
2026/10/07 12:31:49.582, 72, 95, 8485, 10240
2026/10/07 12:31:49.782, 72, 95, 8485, 10240
2026/10/07 12:31:49.982, 72, 95, 8485, 10240
2026/10/07 12:31:50.182, 72, 95, 8485, 10240
2026/10/07 12:31:50.382, 72, 95, 8485, 10240
2026/10/07 12:31:50.582, 73, 100, 8485, 10240
2026/10/07 12:31:50.783, 73, 100, 8485, 10240
2026/10/07 12:31:50.983, 73, 100, 8485, 10240
2026/10/07 12:31:51.183, 72, 100, 8485, 10240
2026/10/07 12:31:51.383, 72, 100, 8485, 10240
2026/10/07 12:31:51.583, 73, 94, 8485, 10240
2026/10/07 12:31:51.783, 73, 94, 8485, 10240
2026/10/07 12:31:51.984, 73, 94, 8485, 10240
2026/10/07 12:31:52.184, 73, 94, 8485, 10240
2026/10/07 12:31:52.384, 73, 94, 8485, 10240
2026/10/07 12:31:52.584, 73, 82, 8485, 10240
2026/10/07 12:31:52.784, 73, 82, 8485, 10240
2026/10/07 12:31:52.984, 73, 82, 8485, 10240
2026/10/07 12:31:53.185, 73, 82, 8485, 10240
2026/10/07 12:31:53.385, 73, 82, 8485, 10240
2026/10/07 12:31:53.585, 73, 94, 8485, 10240
2026/10/07 12:31:53.785, 73, 94, 8299, 10240
2026/10/07 12:31:53.985, 73, 94, 440, 10240
