2026/10/07 12:35:41.231, 60, 0, 173, 10240
2026/10/07 12:35:41.438, 60, 0, 175, 10240
2026/10/07 12:35:41.638, 60, 0, 397, 10240
2026/10/07 12:35:41.839, 62, 0, 397, 10240
2026/10/07 12:35:42.039, 62, 0, 397, 10240
2026/10/07 12:35:42.239, 62, 0, 397, 10240
2026/10/07 12:35:42.439, 63, 0, 397, 10240
2026/10/07 12:35:42.639, 63, 0, 5793, 10240
2026/10/07 12:35:42.839, 63, 91, 5793, 10240
2026/10/07 12:35:43.040, 63, 91, 5793, 10240
2026/10/07 12:35:43.240, 63, 91, 6417, 10240
2026/10/07 12:35:43.440, 65, 91, 6417, 10240
2026/10/07 12:35:43.640, 65, 91, 6417, 10240
2026/10/07 12:35:43.840, 63, 0, 6417, 10240
2026/10/07 12:35:44.041, 63, 0, 6417, 10240
2026/10/07 12:35:44.241, 63, 0, 6419, 10240
2026/10/07 12:35:44.441, 64, 0, 6445, 10240
2026/10/07 12:35:44.641, 64, 0, 6445, 10240
2026/10/07 12:35:44.841, 68, 96, 6445, 10240
2026/10/07 12:35:45.042, 68, 96, 6445, 10240
2026/10/07 12:35:45.242, 68, 96, 6445, 10240
2026/10/07 12:35:45.442, 70, 96, 6445, 10240
2026/10/07 12:35:45.642, 70, 96, 6445, 10240
2026/10/07 12:35:45.842, 70, 96, 6445, 10240
2026/10/07 12:35:46.042, 70, 96, 6445, 10240
2026/10/07 12:35:46.242, 70, 96, 6445, 10240
2026/10/07 12:35:46.442, 71, 96, 6445, 10240
2026/10/07 12:35:46.643, 71, 96, 6445, 10240
2026/10/07 12:35:46.843, 70, 96, 6445, 10240
2026/10/07 12:35:47.043, 70, 96, 6445, 10240
2026/10/07 12:35:47.243, 70, 96, 6445, 10240
2026/10/07 12:35:47.443, 71, 96, 6445, 10240
2026/10/07 12:35:47.643, 71, 96, 6445, 10240
2026/10/07 12:35:47.843, 71, 96, 6445, 10240
2026/10/07 12:35:48.043, 71, 96, 6445, 10240
2026/10/07 12:35:48.244, 71, 96, 6445, 10240
2026/10/07 12:35:48.444, 72, 96, 6445, 10240
2026/10/07 12:35:48.644, 72, 96, 6445, 10240
2026/10/07 12:35:48.844, 72, 96, 6445, 10240
2026/10/07 12:35:49.044, 72, 96, 6445, 10240
2026/10/07 12:35:49.244, 72, 96, 6445, 10240
2026/10/07 12:35:49.444, 72, 96, 6445, 10240
2026/10/07 12:35:49.645, 72, 96, 6445, 10240
2026/10/07 12:35:49.845, 72, 96, 6445, 10240
2026/10/07 12:35:50.045, 72, 96, 6445, 10240
2026/10/07 12:35:50.245, 72, 96, 6445, 10240
2026/10/07 12:35:50.445, 72, 96, 6445, 10240
2026/10/07 12:35:50.645, 72, 96, 6445, 10240
2026/10/07 12:35:50.845, 73, 95, 6445, 10240
2026/10/07 12:35:51.045, 73, 95, 6445, 10240
2026/10/07 12:35:51.246, 73, 95, 6445, 10240
2026/10/07 12:35:51.446, 73, 95, 6445, 10240
2026/10/07 12:35:51.646, 73, 95, 6445, 10240
2026/10/07 12:35:51.846, 72, 96, 6445, 10240
2026/10/07 12:35:52.046, 72, 96, 6445, 10240
2026/10/07 12:35:52.246, 72, 96, 6445, 10240
2026/10/07 12:35:52.446, 74, 96, 6445, 10240
2026/10/07 12:35:52.647, 74, 96, 6445, 10240
2026/10/07 12:35:52.847, 73, 96, 6445, 10240
2026/10/07 12:35:53.047, 73, 96, 6445, 10240
2026/10/07 12:35:53.247, 73, 96, 6445, 10240
2026/10/07 12:35:53.447, 73, 96, 6445, 10240
2026/10/07 12:35:53.647, 73, 96, 6445, 10240
2026/10/07 12:35:53.847, 73, 96, 6445, 10240
2026/10/07 12:35:54.047, 73, 96, 6445, 10240
2026/10/07 12:35:54.248, 73, 96, 6445, 10240
2026/10/07 12:35:54.448, 74, 96, 6445, 10240
2026/10/07 12:35:54.648, 74, 96, 6445, 10240
2026/10/07 12:35:54.848, 74, 96, 6445, 10240
2026/10/07 12:35:55.048, 74, 96, 6445, 10240
2026/10/07 12:35:55.248, 74, 96, 6445, 10240
2026/10/07 12:35:55.448, 74, 96, 6445, 10240
2026/10/07 12:35:55.649, 74, 96, 6445, 10240
2026/10/07 12:35:55.849, 74, 96, 6445, 10240
2026/10/07 12:35:56.049, 74, 96, 6445, 10240
2026/10/07 12:35:56.249, 74, 96, 6445, 10240
2026/10/07 12:35:56.449, 75, 96, 6445, 10240
2026/10/07 12:35:56.649, 75, 96, 6445, 10240
2026/10/07 12:35:56.849, 75, 96, 6445, 10240
2026/10/07 12:35:57.050, 75, 96, 6445, 10240
2026/10/07 12:35:57.250, 75, 96, 6445, 10240
2026/10/07 12:35:57.450, 75, 96, 6445, 10240
2026/10/07 12:35:57.650, 75, 96, 6445, 10240
2026/10/07 12:35:57.850, 74, 96, 6445, 10240
2026/10/07 12:35:58.050, 74, 96, 6445, 10240
2026/10/07 12:35:58.250, 74, 96, 6445, 10240
2026/10/07 12:35:58.451, 70, 96, 6445, 10240
2026/10/07 12:35:58.651, 70, 96, 6445, 10240
2026/10/07 12:35:58.851, 74, 96, 6445, 10240
2026/10/07 12:35:59.051, 74, 96, 6445, 10240
2026/10/07 12:35:59.251, 74, 96, 6445, 10240
2026/10/07 12:35:59.451, 75, 96, 6445, 10240
2026/10/07 12:35:59.651, 75, 96, 6445, 10240
2026/10/07 12:35:59.851, 75, 96, 6445, 10240
2026/10/07 12:36:00.052, 75, 96, 6445, 10240
2026/10/07 12:36:00.252, 75, 96, 6445, 10240
2026/10/07 12:36:00.452, 76, 96, 6445, 10240
2026/10/07 12:36:00.652, 76, 96, 6445, 10240
2026/10/07 12:36:00.852, 75, 96, 6445, 10240
2026/10/07 12:36:01.052, 75, 96, 6445, 10240
2026/10/07 12:36:01.252, 75, 96, 6445, 10240
2026/10/07 12:36:01.453, 76, 96, 6445, 10240
2026/10/07 12:36:01.653, 76, 96, 6445, 10240
2026/10/07 12:36:01.853, 75, 96, 6445, 10240
2026/10/07 12:36:02.053, 75, 96, 6445, 10240
2026/10/07 12:36:02.253, 75, 96, 6445, 10240
2026/10/07 12:36:02.453, 76, 96, 6445, 10240
2026/10/07 12:36:02.653, 76, 96, 6445, 10240
2026/10/07 12:36:02.854, 76, 96, 6445, 10240
2026/10/07 12:36:03.054, 76, 96, 6445, 10240
2026/10/07 12:36:03.254, 76, 96, 6445, 10240
2026/10/07 12:36:03.454, 76, 96, 6445, 10240
2026/10/07 12:36:03.654, 76, 96, 6445, 10240
2026/10/07 12:36:03.854, 76, 96, 6445, 10240
2026/10/07 12:36:04.054, 76, 96, 6445, 10240
2026/10/07 12:36:04.254, 76, 96, 6445, 10240
2026/10/07 12:36:04.455, 76, 96, 6445, 10240
2026/10/07 12:36:04.655, 76, 96, 6445, 10240
2026/10/07 12:36:04.855, 76, 96, 6445, 10240
2026/10/07 12:36:05.055, 76, 96, 6445, 10240
2026/10/07 12:36:05.255, 76, 96, 6445, 10240
2026/10/07 12:36:05.455, 77, 96, 6445, 10240
2026/10/07 12:36:05.655, 77, 96, 6445, 10240
2026/10/07 12:36:05.855, 76, 96, 6445, 10240
2026/10/07 12:36:06.056, 76, 96, 6445, 10240
2026/10/07 12:36:06.256, 76, 96, 6445, 10240
2026/10/07 12:36:06.456, 76, 96, 6445, 10240
2026/10/07 12:36:06.656, 76, 96, 6445, 10240
2026/10/07 12:36:06.856, 76, 95, 6445, 10240
2026/10/07 12:36:07.056, 76, 95, 6445, 10240
2026/10/07 12:36:07.256, 76, 95, 6445, 10240
2026/10/07 12:36:07.457, 76, 95, 6445, 10240
2026/10/07 12:36:07.657, 76, 95, 6445, 10240
2026/10/07 12:36:07.857, 76, 96, 6445, 10240
2026/10/07 12:36:08.057, 76, 96, 6445, 10240
2026/10/07 12:36:08.257, 76, 96, 6445, 10240
2026/10/07 12:36:08.457, 75, 96, 6445, 10240
2026/10/07 12:36:08.657, 75, 96, 6445, 10240
2026/10/07 12:36:08.857, 74, 87, 6445, 10240
2026/10/07 12:36:09.058, 74, 87, 6445, 10240
2026/10/07 12:36:09.258, 74, 87, 6445, 10240
2026/10/07 12:36:09.458, 75, 87, 6445, 10240
2026/10/07 12:36:09.658, 75, 87, 6445, 10240
2026/10/07 12:36:09.858, 75, 96, 6445, 10240
2026/10/07 12:36:10.058, 75, 96, 6445, 10240
2026/10/07 12:36:10.258, 75, 96, 6445, 10240
2026/10/07 12:36:10.459, 74, 96, 6445, 10240
2026/10/07 12:36:10.659, 74, 96, 6445, 10240
2026/10/07 12:36:10.859, 74, 93, 6445, 10240
2026/10/07 12:36:11.059, 74, 93, 6445, 10240
2026/10/07 12:36:11.259, 74, 93, 6445, 10240
2026/10/07 12:36:11.459, 74, 93, 6445, 10240
2026/10/07 12:36:11.659, 74, 93, 6445, 10240
2026/10/07 12:36:11.860, 74, 97, 6445, 10240
2026/10/07 12:36:12.060, 74, 97, 6445, 10240
2026/10/07 12:36:12.260, 74, 97, 6445, 10240
2026/10/07 12:36:12.460, 73, 97, 6445, 10240
2026/10/07 12:36:12.660, 73, 97, 6445, 10240
2026/10/07 12:36:12.860, 71, 100, 6445, 10240
2026/10/07 12:36:13.060, 71, 100, 6445, 10240
2026/10/07 12:36:13.261, 71, 100, 6445, 10240
2026/10/07 12:36:13.461, 73, 100, 6445, 10240
2026/10/07 12:36:13.661, 73, 100, 6445, 10240
2026/10/07 12:36:13.861, 77, 96, 6445, 10240
2026/10/07 12:36:14.061, 77, 96, 6445, 10240
2026/10/07 12:36:14.261, 77, 96, 6445, 10240
2026/10/07 12:36:14.461, 78, 96, 6445, 10240
2026/10/07 12:36:14.661, 78, 96, 6445, 10240
2026/10/07 12:36:14.862, 78, 96, 6445, 10240
2026/10/07 12:36:15.062, 78, 96, 6445, 10240
2026/10/07 12:36:15.262, 78, 96, 6445, 10240
2026/10/07 12:36:15.462, 77, 96, 6445, 10240
2026/10/07 12:36:15.662, 77, 96, 6445, 10240
2026/10/07 12:36:15.862, 77, 96, 6445, 10240
2026/10/07 12:36:16.062, 77, 96, 6445, 10240
2026/10/07 12:36:16.263, 77, 96, 6445, 10240
2026/10/07 12:36:16.463, 77, 96, 6445, 10240
2026/10/07 12:36:16.663, 77, 96, 6445, 10240
2026/10/07 12:36:16.863, 76, 96, 6445, 10240
2026/10/07 12:36:17.063, 76, 96, 6445, 10240
2026/10/07 12:36:17.263, 76, 96, 6445, 10240
2026/10/07 12:36:17.463, 75, 96, 6445, 10240
2026/10/07 12:36:17.663, 75, 96, 6445, 10240
2026/10/07 12:36:17.864, 75, 96, 6445, 10240
2026/10/07 12:36:18.064, 75, 96, 6445, 10240
2026/10/07 12:36:18.264, 75, 96, 6445, 10240
2026/10/07 12:36:18.464, 74, 96, 6445, 10240
2026/10/07 12:36:18.664, 74, 96, 6445, 10240
2026/10/07 12:36:18.864, 74, 97, 6445, 10240
2026/10/07 12:36:19.064, 74, 97, 6445, 10240
2026/10/07 12:36:19.265, 74, 97, 6445, 10240
2026/10/07 12:36:19.465, 73, 97, 6445, 10240
2026/10/07 12:36:19.665, 73, 97, 6445, 10240
2026/10/07 12:36:19.865, 73, 100, 6445, 10240
2026/10/07 12:36:20.065, 73, 100, 6445, 10240
2026/10/07 12:36:20.265, 73, 100, 6445, 10240
2026/10/07 12:36:20.465, 75, 100, 6445, 10240
2026/10/07 12:36:20.666, 75, 100, 6445, 10240
2026/10/07 12:36:20.866, 78, 96, 6445, 10240
2026/10/07 12:36:21.066, 78, 96, 6445, 10240
2026/10/07 12:36:21.266, 78, 96, 6445, 10240
2026/10/07 12:36:21.466, 78, 96, 6445, 10240
2026/10/07 12:36:21.666, 78, 96, 6445, 10240
2026/10/07 12:36:21.866, 77, 88, 6445, 10240
2026/10/07 12:36:22.066, 77, 88, 6445, 10240
2026/10/07 12:36:22.267, 77, 88, 6445, 10240
2026/10/07 12:36:22.467, 75, 88, 6445, 10240
2026/10/07 12:36:22.667, 75, 88, 6445, 10240
2026/10/07 12:36:22.867, 75, 97, 6445, 10240
2026/10/07 12:36:23.067, 75, 97, 6445, 10240
2026/10/07 12:36:23.267, 75, 97, 6445, 10240
2026/10/07 12:36:23.468, 74, 97, 6445, 10240
2026/10/07 12:36:23.668, 74, 97, 6445, 10240
2026/10/07 12:36:23.868, 74, 95, 6445, 10240
2026/10/07 12:36:24.068, 74, 95, 6445, 10240
2026/10/07 12:36:24.268, 74, 95, 6445, 10240
2026/10/07 12:36:24.468, 73, 95, 6445, 10240
2026/10/07 12:36:24.668, 73, 95, 6445, 10240
2026/10/07 12:36:24.868, 73, 100, 6445, 10240
2026/10/07 12:36:25.069, 73, 100, 6445, 10240
2026/10/07 12:36:25.269, 73, 100, 6445, 10240
2026/10/07 12:36:25.469, 79, 100, 6445, 10240
2026/10/07 12:36:25.669, 79, 100, 6445, 10240
2026/10/07 12:36:25.869, 79, 96, 6445, 10240
2026/10/07 12:36:26.069, 79, 96, 6445, 10240
2026/10/07 12:36:26.269, 79, 96, 6445, 10240
2026/10/07 12:36:26.469, 78, 96, 6445, 10240
2026/10/07 12:36:26.670, 78, 96, 6445, 10240
2026/10/07 12:36:26.870, 77, 100, 6445, 10240
2026/10/07 12:36:27.070, 77, 100, 6445, 10240
2026/10/07 12:36:27.270, 77, 100, 6445, 10240
2026/10/07 12:36:27.470, 76, 100, 6445, 10240
2026/10/07 12:36:27.670, 76, 100, 6445, 10240
2026/10/07 12:36:27.870, 76, 96, 6445, 10240
2026/10/07 12:36:28.070, 76, 96, 6445, 10240
2026/10/07 12:36:28.271, 76, 96, 6445, 10240
2026/10/07 12:36:28.471, 75, 96, 6445, 10240
2026/10/07 12:36:28.671, 75, 96, 439, 10240
2026/10/07 12:36:28.871, 73, 100, 173, 10240
