2026/10/07 13:27:01.736, 60, 0, 173, 10240
2026/10/07 13:27:01.943, 61, 0, 175, 10240
2026/10/07 13:27:02.143, 61, 0, 397, 10240
2026/10/07 13:27:02.343, 62, 0, 397, 10240
2026/10/07 13:27:02.543, 62, 0, 397, 10240
2026/10/07 13:27:02.743, 62, 0, 397, 10240
2026/10/07 13:27:02.944, 63, 0, 397, 10240
2026/10/07 13:27:03.144, 63, 0, 397, 10240
2026/10/07 13:27:03.344, 63, 0, 397, 10240
2026/10/07 13:27:03.544, 63, 0, 397, 10240
2026/10/07 13:27:03.744, 63, 0, 397, 10240
2026/10/07 13:27:03.945, 63, 0, 397, 10240
2026/10/07 13:27:04.145, 63, 0, 397, 10240
2026/10/07 13:27:04.345, 63, 0, 397, 10240
2026/10/07 13:27:04.545, 63, 0, 397, 10240
2026/10/07 13:27:04.745, 63, 0, 397, 10240
2026/10/07 13:27:04.945, 63, 0, 6937, 10240
2026/10/07 13:27:05.145, 63, 0, 6937, 10240
2026/10/07 13:27:05.346, 64, 69, 6937, 10240
2026/10/07 13:27:05.546, 64, 69, 6937, 10240
2026/10/07 13:27:05.746, 64, 69, 7521, 10240
2026/10/07 13:27:05.946, 64, 69, 7565, 10240
2026/10/07 13:27:06.146, 64, 69, 7565, 10240
2026/10/07 13:27:06.347, 64, 0, 7565, 10240
2026/10/07 13:27:06.547, 64, 0, 7565, 10240
2026/10/07 13:27:06.747, 64, 0, 7565, 10240
2026/10/07 13:27:06.947, 64, 0, 7591, 10240
2026/10/07 13:27:07.147, 64, 0, 7591, 10240
2026/10/07 13:27:07.347, 70, 100, 7591, 10240
2026/10/07 13:27:07.548, 70, 100, 7591, 10240
2026/10/07 13:27:07.748, 70, 100, 7591, 10240
2026/10/07 13:27:07.948, 71, 100, 7591, 10240
2026/10/07 13:27:08.148, 71, 100, 7591, 10240
2026/10/07 13:27:08.348, 72, 100, 7591, 10240
2026/10/07 13:27:08.548, 72, 100, 7591, 10240
2026/10/07 13:27:08.748, 72, 100, 7591, 10240
2026/10/07 13:27:08.949, 72, 100, 7591, 10240
2026/10/07 13:27:09.149, 72, 100, 7591, 10240
2026/10/07 13:27:09.349, 72, 100, 7591, 10240
2026/10/07 13:27:09.549, 72, 100, 7591, 10240
2026/10/07 13:27:09.749, 72, 100, 7591, 10240
2026/10/07 13:27:09.949, 73, 100, 7591, 10240
2026/10/07 13:27:10.149, 73, 100, 7593, 10240
2026/10/07 13:27:10.349, 72, 96, 7593, 10240
2026/10/07 13:27:10.550, 72, 96, 7593, 10240
2026/10/07 13:27:10.750, 72, 96, 7593, 10240
2026/10/07 13:27:10.950, 72, 96, 7593, 10240
2026/10/07 13:27:11.150, 72, 96, 7593, 10240
2026/10/07 13:27:11.350, 72, 97, 7593, 10240
2026/10/07 13:27:11.550, 72, 97, 7593, 10240
2026/10/07 13:27:11.750, 72, 97, 7593, 10240
2026/10/07 13:27:11.951, 72, 97, 7593, 10240
2026/10/07 13:27:12.151, 72, 97, 7593, 10240
2026/10/07 13:27:12.351, 73, 100, 7593, 10240
2026/10/07 13:27:12.551, 73, 100, 7593, 10240
2026/10/07 13:27:12.751, 73, 100, 7593, 10240
2026/10/07 13:27:12.951, 74, 100, 7593, 10240
2026/10/07 13:27:13.151, 74, 100, 7593, 10240
2026/10/07 13:27:13.352, 74, 100, 7593, 10240
2026/10/07 13:27:13.552, 74, 100, 7593, 10240
2026/10/07 13:27:13.752, 74, 100, 7593, 10240
2026/10/07 13:27:13.952, 74, 100, 7593, 10240
2026/10/07 13:27:14.152, 74, 100, 7593, 10240
2026/10/07 13:27:14.353, 75, 99, 7593, 10240
2026/10/07 13:27:14.553, 75, 99, 7593, 10240
2026/10/07 13:27:14.753, 75, 99, 7593, 10240
2026/10/07 13:27:14.953, 75, 99, 7593, 10240
2026/10/07 13:27:15.153, 75, 99, 7593, 10240
2026/10/07 13:27:15.353, 74, 97, 7593, 10240
2026/10/07 13:27:15.553, 74, 97, 7593, 10240
2026/10/07 13:27:15.753, 74, 97, 7593, 10240
2026/10/07 13:27:15.954, 74, 97, 7593, 10240
2026/10/07 13:27:16.154, 74, 97, 7593, 10240
2026/10/07 13:27:16.354, 74, 97, 7593, 10240
2026/10/07 13:27:16.554, 74, 97, 7593, 10240
2026/10/07 13:27:16.754, 74, 97, 7593, 10240
2026/10/07 13:27:16.954, 74, 97, 7593, 10240
2026/10/07 13:27:17.154, 74, 97, 7593, 10240
2026/10/07 13:27:17.355, 75, 100, 7593, 10240
2026/10/07 13:27:17.555, 75, 100, 7593, 10240
2026/10/07 13:27:17.755, 75, 100, 7593, 10240
2026/10/07 13:27:17.955, 75, 100, 7593, 10240
2026/10/07 13:27:18.155, 75, 100, 7593, 10240
2026/10/07 13:27:18.355, 76, 100, 7593, 10240
2026/10/07 13:27:18.555, 76, 100, 7593, 10240
2026/10/07 13:27:18.755, 76, 100, 7593, 10240
2026/10/07 13:27:18.956, 76, 100, 7593, 10240
2026/10/07 13:27:19.156, 76, 100, 7593, 10240
2026/10/07 13:27:19.356, 76, 99, 7593, 10240
2026/10/07 13:27:19.556, 76, 99, 7593, 10240
2026/10/07 13:27:19.756, 76, 99, 7593, 10240
2026/10/07 13:27:19.956, 76, 99, 7593, 10240
2026/10/07 13:27:20.156, 76, 99, 7593, 10240
2026/10/07 13:27:20.356, 76, 97, 7593, 10240
2026/10/07 13:27:20.557, 76, 97, 7593, 10240
2026/10/07 13:27:20.757, 76, 97, 7593, 10240
2026/10/07 13:27:20.957, 75, 97, 7593, 10240
2026/10/07 13:27:21.157, 75, 97, 7593, 10240
2026/10/07 13:27:21.357, 76, 97, 7593, 10240
2026/10/07 13:27:21.557, 76, 97, 7593, 10240
2026/10/07 13:27:21.757, 76, 97, 7593, 10240
2026/10/07 13:27:21.957, 76, 97, 7593, 10240
2026/10/07 13:27:22.158, 76, 97, 7593, 10240
2026/10/07 13:27:22.358, 77, 100, 7593, 10240
2026/10/07 13:27:22.558, 77, 100, 7593, 10240
2026/10/07 13:27:22.758, 77, 100, 7593, 10240
2026/10/07 13:27:22.958, 77, 100, 7593, 10240
2026/10/07 13:27:23.158, 77, 100, 7593, 10240
2026/10/07 13:27:23.358, 77, 100, 7593, 10240
2026/10/07 13:27:23.558, 77, 100, 7593, 10240
2026/10/07 13:27:23.759, 77, 100, 7593, 10240
2026/10/07 13:27:23.959, 77, 100, 7593, 10240
2026/10/07 13:27:24.159, 77, 100, 7593, 10240
2026/10/07 13:27:24.359, 78, 99, 7593, 10240
2026/10/07 13:27:24.559, 78, 99, 7593, 10240
2026/10/07 13:27:24.759, 78, 99, 7593, 10240
2026/10/07 13:27:24.959, 78, 99, 7593, 10240
2026/10/07 13:27:25.159, 78, 99, 7593, 10240
2026/10/07 13:27:25.360, 77, 97, 7593, 10240
2026/10/07 13:27:25.560, 77, 97, 7593, 10240
2026/10/07 13:27:25.760, 77, 97, 7593, 10240
2026/10/07 13:27:25.960, 77, 97, 7593, 10240
2026/10/07 13:27:26.160, 77, 97, 7593, 10240
2026/10/07 13:27:26.360, 77, 97, 7593, 10240
2026/10/07 13:27:26.560, 77, 97, 7593, 10240
2026/10/07 13:27:26.761, 77, 97, 7593, 10240
2026/10/07 13:27:26.961, 77, 97, 7593, 10240
2026/10/07 13:27:27.161, 77, 97, 7593, 10240
2026/10/07 13:27:27.361, 78, 100, 7593, 10240
2026/10/07 13:27:27.561, 78, 100, 7593, 10240
2026/10/07 13:27:27.761, 78, 100, 7593, 10240
2026/10/07 13:27:27.961, 78, 100, 7593, 10240
2026/10/07 13:27:28.161, 78, 100, 7593, 10240
2026/10/07 13:27:28.362, 79, 100, 7593, 10240
2026/10/07 13:27:28.562, 79, 100, 7593, 10240
2026/10/07 13:27:28.762, 79, 100, 7593, 10240
2026/10/07 13:27:28.962, 78, 100, 7593, 10240
2026/10/07 13:27:29.162, 78, 100, 7593, 10240
2026/10/07 13:27:29.362, 79, 100, 7593, 10240
2026/10/07 13:27:29.562, 79, 100, 7593, 10240
2026/10/07 13:27:29.762, 79, 100, 7593, 10240
2026/10/07 13:27:29.963, 79, 100, 7593, 10240
2026/10/07 13:27:30.163, 79, 100, 7593, 10240
2026/10/07 13:27:30.363, 78, 97, 7593, 10240
2026/10/07 13:27:30.563, 78, 97, 7593, 10240
2026/10/07 13:27:30.763, 78, 97, 7593, 10240
2026/10/07 13:27:30.963, 78, 97, 7593, 10240
2026/10/07 13:27:31.163, 78, 97, 7593, 10240
2026/10/07 13:27:31.364, 79, 97, 7593, 10240
2026/10/07 13:27:31.564, 79, 97, 7593, 10240
2026/10/07 13:27:31.764, 79, 97, 7593, 10240
2026/10/07 13:27:31.964, 78, 97, 7593, 10240
2026/10/07 13:27:32.164, 78, 97, 7593, 10240
2026/10/07 13:27:32.364, 78, 100, 7593, 10240
2026/10/07 13:27:32.564, 78, 100, 7593, 10240
2026/10/07 13:27:32.765, 78, 100, 7593, 10240
2026/10/07 13:27:32.965, 78, 100, 7593, 10240
2026/10/07 13:27:33.165, 78, 100, 7593, 10240
2026/10/07 13:27:33.365, 79, 99, 7593, 10240
2026/10/07 13:27:33.565, 79, 99, 7593, 10240
2026/10/07 13:27:33.765, 79, 99, 7593, 10240
2026/10/07 13:27:33.965, 80, 99, 7593, 10240
2026/10/07 13:27:34.166, 80, 99, 7593, 10240
2026/10/07 13:27:34.366, 80, 100, 7593, 10240
2026/10/07 13:27:34.566, 80, 100, 7593, 10240
2026/10/07 13:27:34.766, 80, 100, 7593, 10240
2026/10/07 13:27:34.966, 79, 100, 7593, 10240
2026/10/07 13:27:35.166, 79, 100, 7593, 10240
2026/10/07 13:27:35.366, 79, 86, 7593, 10240
2026/10/07 13:27:35.567, 79, 86, 7593, 10240
2026/10/07 13:27:35.767, 79, 86, 7593, 10240
2026/10/07 13:27:35.967, 79, 86, 7593, 10240
2026/10/07 13:27:36.167, 79, 86, 7593, 10240
2026/10/07 13:27:36.367, 79, 96, 7593, 10240
2026/10/07 13:27:36.567, 79, 96, 7593, 10240
2026/10/07 13:27:36.767, 79, 96, 7593, 10240
2026/10/07 13:27:36.967, 79, 96, 7593, 10240
2026/10/07 13:27:37.168, 79, 96, 7593, 10240
2026/10/07 13:27:37.368, 78, 100, 7593, 10240
2026/10/07 13:27:37.568, 78, 100, 7593, 10240
2026/10/07 13:27:37.768, 78, 100, 7593, 10240
2026/10/07 13:27:37.968, 78, 100, 7593, 10240
2026/10/07 13:27:38.168, 78, 100, 7593, 10240
2026/10/07 13:27:38.368, 78, 100, 7593, 10240
2026/10/07 13:27:38.569, 78, 100, 7593, 10240
2026/10/07 13:27:38.769, 78, 100, 7593, 10240
2026/10/07 13:27:38.969, 79, 100, 7593, 10240
2026/10/07 13:27:39.169, 79, 100, 7593, 10240
2026/10/07 13:27:39.369, 81, 99, 7593, 10240
2026/10/07 13:27:39.569, 81, 99, 7593, 10240
2026/10/07 13:27:39.769, 81, 99, 7593, 10240
2026/10/07 13:27:39.970, 80, 99, 7593, 10240
2026/10/07 13:27:40.170, 80, 99, 7593, 10240
2026/10/07 13:27:40.370, 81, 100, 7593, 10240
2026/10/07 13:27:40.570, 81, 100, 7593, 10240
2026/10/07 13:27:40.770, 81, 100, 7593, 10240
2026/10/07 13:27:40.970, 81, 100, 7593, 10240
2026/10/07 13:27:41.170, 81, 100, 7593, 10240
2026/10/07 13:27:41.371, 80, 97, 7593, 10240
2026/10/07 13:27:41.571, 80, 97, 7593, 10240
2026/10/07 13:27:41.771, 80, 97, 7593, 10240
2026/10/07 13:27:41.971, 79, 97, 7593, 10240
2026/10/07 13:27:42.171, 79, 97, 7593, 10240
2026/10/07 13:27:42.371, 78, 97, 7593, 10240
2026/10/07 13:27:42.571, 78, 97, 7593, 10240
2026/10/07 13:27:42.772, 78, 97, 7593, 10240
2026/10/07 13:27:42.972, 76, 97, 7593, 10240
2026/10/07 13:27:43.172, 76, 97, 7593, 10240
2026/10/07 13:27:43.372, 76, 99, 7593, 10240
2026/10/07 13:27:43.572, 76, 99, 7593, 10240
2026/10/07 13:27:43.772, 76, 99, 7593, 10240
2026/10/07 13:27:43.972, 81, 99, 7593, 10240
2026/10/07 13:27:44.172, 81, 99, 7593, 10240
2026/10/07 13:27:44.373, 81, 100, 7593, 10240
2026/10/07 13:27:44.573, 81, 100, 7593, 10240
2026/10/07 13:27:44.773, 81, 100, 7593, 10240
2026/10/07 13:27:44.973, 81, 100, 7593, 10240
2026/10/07 13:27:45.173, 81, 100, 7593, 10240
2026/10/07 13:27:45.373, 82, 99, 7593, 10240
2026/10/07 13:27:45.573, 82, 99, 7593, 10240
2026/10/07 13:27:45.774, 82, 99, 7593, 10240
2026/10/07 13:27:45.974, 82, 99, 7593, 10240
2026/10/07 13:27:46.174, 82, 99, 7593, 10240
2026/10/07 13:27:46.374, 82, 95, 7593, 10240
2026/10/07 13:27:46.575, 82, 95, 7593, 10240
2026/10/07 13:27:46.775, 82, 95, 7593, 10240
2026/10/07 13:27:46.975, 81, 95, 7593, 10240
2026/10/07 13:27:47.175, 81, 95, 7593, 10240
2026/10/07 13:27:47.375, 80, 97, 7593, 10240
2026/10/07 13:27:47.575, 80, 97, 7593, 10240
2026/10/07 13:27:47.775, 80, 97, 7593, 10240
2026/10/07 13:27:47.975, 78, 97, 7593, 10240
2026/10/07 13:27:48.176, 78, 97, 7593, 10240
2026/10/07 13:27:48.376, 77, 100, 7593, 10240
2026/10/07 13:27:48.576, 77, 100, 7593, 10240
2026/10/07 13:27:48.776, 77, 100, 7593, 10240
2026/10/07 13:27:48.976, 77, 100, 7593, 10240
2026/10/07 13:27:49.176, 77, 100, 7593, 10240
2026/10/07 13:27:49.376, 77, 100, 7593, 10240
2026/10/07 13:27:49.577, 77, 100, 7593, 10240
2026/10/07 13:27:49.777, 77, 100, 7593, 10240
2026/10/07 13:27:49.977, 82, 100, 7593, 10240
2026/10/07 13:27:50.177, 82, 100, 7593, 10240
2026/10/07 13:27:50.377, 82, 100, 7593, 10240
2026/10/07 13:27:50.577, 82, 100, 7593, 10240
2026/10/07 13:27:50.777, 82, 100, 7593, 10240
2026/10/07 13:27:50.977, 82, 100, 7593, 10240
2026/10/07 13:27:51.178, 82, 100, 7593, 10240
2026/10/07 13:27:51.378, 83, 100, 7593, 10240
2026/10/07 13:27:51.578, 83, 100, 7593, 10240
2026/10/07 13:27:51.778, 83, 100, 7593, 10240
2026/10/07 13:27:51.978, 82, 100, 7593, 10240
2026/10/07 13:27:52.178, 82, 100, 7593, 10240
2026/10/07 13:27:52.378, 82, 97, 7593, 10240
2026/10/07 13:27:52.579, 82, 97, 7593, 10240
2026/10/07 13:27:52.779, 82, 97, 7593, 10240
2026/10/07 13:27:52.979, 81, 97, 7593, 10240
2026/10/07 13:27:53.179, 81, 97, 7593, 10240
2026/10/07 13:27:53.379, 79, 97, 7593, 10240
2026/10/07 13:27:53.579, 79, 97, 7593, 10240
2026/10/07 13:27:53.779, 79, 97, 7593, 10240
2026/10/07 13:27:53.980, 78, 97, 7593, 10240
2026/10/07 13:27:54.180, 78, 97, 7593, 10240
2026/10/07 13:27:54.380, 77, 100, 7593, 10240
2026/10/07 13:27:54.580, 77, 100, 7593, 10240
2026/10/07 13:27:54.780, 77, 100, 7593, 10240
2026/10/07 13:27:54.980, 77, 100, 7593, 10240
2026/10/07 13:27:55.180, 77, 100, 7593, 10240
2026/10/07 13:27:55.380, 77, 100, 7593, 10240
2026/10/07 13:27:55.581, 77, 100, 7593, 10240
2026/10/07 13:27:55.781, 77, 100, 7593, 10240
2026/10/07 13:27:55.981, 83, 100, 7593, 10240
2026/10/07 13:27:56.181, 83, 100, 7593, 10240
2026/10/07 13:27:56.381, 83, 99, 7593, 10240
2026/10/07 13:27:56.581, 83, 99, 7593, 10240
2026/10/07 13:27:56.781, 83, 99, 7593, 10240
2026/10/07 13:27:56.981, 83, 99, 7593, 10240
2026/10/07 13:27:57.182, 83, 99, 7593, 10240
2026/10/07 13:27:57.382, 84, 100, 7593, 10240
2026/10/07 13:27:57.582, 84, 100, 7593, 10240
2026/10/07 13:27:57.782, 84, 100, 7593, 10240
2026/10/07 13:27:57.982, 83, 100, 7593, 10240
2026/10/07 13:27:58.182, 83, 100, 7593, 10240
2026/10/07 13:27:58.382, 83, 97, 7593, 10240
2026/10/07 13:27:58.583, 83, 97, 7593, 10240
2026/10/07 13:27:58.783, 83, 97, 7593, 10240
2026/10/07 13:27:58.983, 81, 97, 7593, 10240
2026/10/07 13:27:59.183, 81, 97, 7593, 10240
2026/10/07 13:27:59.383, 80, 97, 7593, 10240
2026/10/07 13:27:59.583, 80, 97, 7593, 10240
2026/10/07 13:27:59.783, 80, 97, 7593, 10240
2026/10/07 13:27:59.984, 78, 97, 7593, 10240
2026/10/07 13:28:00.184, 78, 97, 7593, 10240
2026/10/07 13:28:00.384, 78, 100, 7593, 10240
2026/10/07 13:28:00.584, 78, 100, 7593, 10240
2026/10/07 13:28:00.784, 78, 100, 7593, 10240
2026/10/07 13:28:00.984, 78, 100, 7593, 10240
2026/10/07 13:28:01.184, 78, 100, 7593, 10240
2026/10/07 13:28:01.384, 79, 99, 7593, 10240
2026/10/07 13:28:01.585, 79, 99, 7593, 10240
2026/10/07 13:28:01.785, 79, 99, 7593, 10240
2026/10/07 13:28:01.985, 83, 99, 7593, 10240
2026/10/07 13:28:02.185, 83, 99, 7593, 10240
2026/10/07 13:28:02.385, 83, 100, 7593, 10240
2026/10/07 13:28:02.585, 83, 100, 7593, 10240
2026/10/07 13:28:02.785, 83, 100, 7593, 10240
2026/10/07 13:28:02.986, 84, 100, 7593, 10240
2026/10/07 13:28:03.186, 84, 100, 7593, 10240
2026/10/07 13:28:03.386, 84, 100, 7593, 10240
2026/10/07 13:28:03.586, 84, 100, 7593, 10240
2026/10/07 13:28:03.786, 84, 100, 7593, 10240
2026/10/07 13:28:03.986, 84, 100, 7593, 10240
2026/10/07 13:28:04.186, 84, 100, 7593, 10240
2026/10/07 13:28:04.387, 84, 96, 7593, 10240
2026/10/07 13:28:04.587, 84, 96, 7593, 10240
2026/10/07 13:28:04.787, 84, 96, 7593, 10240
2026/10/07 13:28:04.987, 82, 96, 7593, 10240
2026/10/07 13:28:05.187, 82, 96, 7593, 10240
2026/10/07 13:28:05.387, 81, 97, 7593, 10240
2026/10/07 13:28:05.587, 81, 97, 7593, 10240
2026/10/07 13:28:05.788, 81, 97, 7593, 10240
2026/10/07 13:28:05.988, 80, 97, 7593, 10240
2026/10/07 13:28:06.188, 80, 97, 7593, 10240
2026/10/07 13:28:06.388, 78, 100, 7593, 10240
2026/10/07 13:28:06.588, 78, 100, 7593, 10240
2026/10/07 13:28:06.788, 78, 100, 7593, 10240
2026/10/07 13:28:06.988, 78, 100, 7593, 10240
2026/10/07 13:28:07.188, 78, 100, 7593, 10240
2026/10/07 13:28:07.389, 83, 100, 7593, 10240
2026/10/07 13:28:07.589, 83, 100, 7593, 10240
2026/10/07 13:28:07.789, 83, 100, 7593, 10240
2026/10/07 13:28:07.989, 85, 100, 7593, 10240
2026/10/07 13:28:08.189, 85, 100, 7593, 10240
2026/10/07 13:28:08.389, 85, 100, 7593, 10240
2026/10/07 13:28:08.589, 85, 100, 7593, 10240
2026/10/07 13:28:08.790, 85, 100, 7593, 10240
2026/10/07 13:28:08.990, 85, 100, 7593, 10240
2026/10/07 13:28:09.190, 85, 100, 7593, 10240
2026/10/07 13:28:09.390, 85, 97, 7593, 10240
2026/10/07 13:28:09.590, 85, 97, 7593, 10240
2026/10/07 13:28:09.790, 85, 97, 7593, 10240
2026/10/07 13:28:09.990, 84, 97, 7593, 10240
2026/10/07 13:28:10.190, 84, 97, 7593, 10240
2026/10/07 13:28:10.391, 84, 97, 7593, 10240
2026/10/07 13:28:10.591, 84, 97, 7593, 10240
2026/10/07 13:28:10.791, 84, 97, 7593, 10240
2026/10/07 13:28:10.991, 83, 97, 7593, 10240
2026/10/07 13:28:11.191, 83, 97, 7593, 10240
2026/10/07 13:28:11.391, 82, 98, 7593, 10240
2026/10/07 13:28:11.591, 82, 98, 7593, 10240
2026/10/07 13:28:11.791, 82, 98, 7593, 10240
2026/10/07 13:28:11.992, 80, 98, 7593, 10240
2026/10/07 13:28:12.192, 80, 98, 7593, 10240
2026/10/07 13:28:12.392, 79, 100, 7593, 10240
2026/10/07 13:28:12.592, 79, 100, 7593, 10240
2026/10/07 13:28:12.792, 79, 100, 7593, 10240
2026/10/07 13:28:12.992, 78, 100, 7593, 10240
2026/10/07 13:28:13.192, 78, 100, 7593, 10240
2026/10/07 13:28:13.393, 79, 100, 7593, 10240
2026/10/07 13:28:13.593, 79, 100, 7593, 10240
2026/10/07 13:28:13.793, 79, 100, 7593, 10240
2026/10/07 13:28:13.993, 84, 100, 7593, 10240
2026/10/07 13:28:14.193, 84, 100, 7593, 10240
2026/10/07 13:28:14.393, 85, 100, 7593, 10240
2026/10/07 13:28:14.593, 85, 100, 7593, 10240
2026/10/07 13:28:14.793, 85, 100, 7593, 10240
2026/10/07 13:28:14.994, 85, 100, 7593, 10240
2026/10/07 13:28:15.194, 85, 100, 7593, 10240
2026/10/07 13:28:15.394, 86, 100, 7593, 10240
2026/10/07 13:28:15.594, 86, 100, 7593, 10240
2026/10/07 13:28:15.794, 86, 100, 7593, 10240
2026/10/07 13:28:15.994, 85, 100, 7593, 10240
2026/10/07 13:28:16.194, 85, 100, 7593, 10240
2026/10/07 13:28:16.394, 85, 96, 7593, 10240
2026/10/07 13:28:16.595, 85, 96, 7593, 10240
2026/10/07 13:28:16.795, 85, 96, 7593, 10240
2026/10/07 13:28:16.995, 85, 96, 7593, 10240
2026/10/07 13:28:17.195, 85, 96, 7593, 10240
2026/10/07 13:28:17.395, 84, 97, 7593, 10240
2026/10/07 13:28:17.595, 84, 97, 7593, 10240
2026/10/07 13:28:17.795, 84, 97, 7593, 10240
2026/10/07 13:28:17.996, 82, 97, 7593, 10240
2026/10/07 13:28:18.196, 82, 97, 7593, 10240
2026/10/07 13:28:18.396, 81, 99, 7593, 10240
2026/10/07 13:28:18.596, 81, 99, 7593, 10240
2026/10/07 13:28:18.796, 81, 99, 7593, 10240
2026/10/07 13:28:18.996, 80, 99, 7593, 10240
2026/10/07 13:28:19.196, 80, 99, 7593, 10240
2026/10/07 13:28:19.397, 79, 100, 7593, 10240
2026/10/07 13:28:19.597, 79, 100, 7593, 10240
2026/10/07 13:28:19.797, 79, 100, 7593, 10240
2026/10/07 13:28:19.997, 79, 100, 7593, 10240
2026/10/07 13:28:20.197, 79, 100, 7593, 10240
2026/10/07 13:28:20.397, 84, 99, 7593, 10240
2026/10/07 13:28:20.597, 84, 99, 7593, 10240
2026/10/07 13:28:20.797, 84, 99, 7593, 10240
2026/10/07 13:28:20.998, 86, 99, 7593, 10240
2026/10/07 13:28:21.198, 86, 99, 7593, 10240
2026/10/07 13:28:21.398, 85, 100, 7593, 10240
2026/10/07 13:28:21.598, 85, 100, 7593, 10240
2026/10/07 13:28:21.798, 85, 100, 7593, 10240
2026/10/07 13:28:21.998, 86, 100, 7593, 10240
2026/10/07 13:28:22.198, 86, 100, 7593, 10240
2026/10/07 13:28:22.398, 86, 100, 7593, 10240
2026/10/07 13:28:22.599, 86, 100, 7593, 10240
2026/10/07 13:28:22.799, 86, 100, 7593, 10240
2026/10/07 13:28:22.999, 87, 100, 7593, 10240
2026/10/07 13:28:23.199, 87, 100, 7593, 10240
2026/10/07 13:28:23.399, 86, 97, 7593, 10240
2026/10/07 13:28:23.599, 86, 97, 7593, 10240
2026/10/07 13:28:23.799, 86, 97, 7593, 10240
2026/10/07 13:28:24.000, 85, 97, 7593, 10240
2026/10/07 13:28:24.200, 85, 97, 7593, 10240
2026/10/07 13:28:24.400, 83, 97, 7593, 10240
2026/10/07 13:28:24.600, 83, 97, 7593, 10240
2026/10/07 13:28:24.800, 83, 97, 7593, 10240
2026/10/07 13:28:25.000, 82, 97, 7593, 10240
2026/10/07 13:28:25.200, 82, 97, 7593, 10240
2026/10/07 13:28:25.400, 80, 100, 7593, 10240
2026/10/07 13:28:25.601, 80, 100, 7593, 10240
2026/10/07 13:28:25.801, 80, 100, 7593, 10240
2026/10/07 13:28:26.001, 80, 100, 7593, 10240
2026/10/07 13:28:26.201, 80, 100, 7593, 10240
2026/10/07 13:28:26.401, 80, 24, 7593, 10240
2026/10/07 13:28:26.601, 80, 24, 7593, 10240
2026/10/07 13:28:26.801, 80, 24, 7593, 10240
2026/10/07 13:28:27.002, 80, 24, 7593, 10240
2026/10/07 13:28:27.202, 80, 24, 7593, 10240
2026/10/07 13:28:27.402, 85, 99, 7593, 10240
2026/10/07 13:28:27.602, 85, 99, 7593, 10240
2026/10/07 13:28:27.802, 85, 99, 7593, 10240
2026/10/07 13:28:28.002, 86, 99, 7593, 10240
2026/10/07 13:28:28.202, 86, 99, 7593, 10240
2026/10/07 13:28:28.402, 86, 100, 7593, 10240
2026/10/07 13:28:28.603, 86, 100, 7593, 10240
2026/10/07 13:28:28.803, 86, 100, 7593, 10240
2026/10/07 13:28:29.003, 87, 100, 7593, 10240
2026/10/07 13:28:29.203, 87, 100, 7593, 10240
2026/10/07 13:28:29.403, 87, 99, 7593, 10240
2026/10/07 13:28:29.603, 87, 99, 7593, 10240
2026/10/07 13:28:29.803, 87, 99, 7593, 10240
2026/10/07 13:28:30.004, 87, 99, 7593, 10240
2026/10/07 13:28:30.204, 87, 99, 7593, 10240
2026/10/07 13:28:30.404, 87, 97, 7593, 10240
2026/10/07 13:28:30.604, 87, 97, 7593, 10240
2026/10/07 13:28:30.804, 87, 97, 7593, 10240
2026/10/07 13:28:31.004, 86, 97, 7593, 10240
2026/10/07 13:28:31.204, 86, 97, 7593, 10240
2026/10/07 13:28:31.404, 85, 97, 7593, 10240
2026/10/07 13:28:31.605, 85, 97, 7593, 10240
2026/10/07 13:28:31.805, 85, 97, 7593, 10240
2026/10/07 13:28:32.005, 84, 97, 7593, 10240
2026/10/07 13:28:32.205, 84, 97, 7593, 10240
2026/10/07 13:28:32.405, 82, 80, 7593, 10240
2026/10/07 13:28:32.605, 82, 80, 7593, 10240
2026/10/07 13:28:32.805, 82, 80, 7593, 10240
2026/10/07 13:28:33.006, 81, 80, 7593, 10240
2026/10/07 13:28:33.206, 81, 80, 7593, 10240
2026/10/07 13:28:33.406, 81, 100, 7593, 10240
2026/10/07 13:28:33.606, 81, 100, 7593, 10240
2026/10/07 13:28:33.806, 81, 100, 7593, 10240
2026/10/07 13:28:34.006, 81, 100, 7593, 10240
2026/10/07 13:28:34.206, 81, 100, 7593, 10240
2026/10/07 13:28:34.406, 81, 100, 7593, 10240
2026/10/07 13:28:34.607, 81, 100, 7593, 10240
2026/10/07 13:28:34.807, 81, 100, 7593, 10240
2026/10/07 13:28:35.007, 82, 100, 7593, 10240
2026/10/07 13:28:35.207, 82, 100, 7593, 10240
2026/10/07 13:28:35.407, 82, 100, 7593, 10240
2026/10/07 13:28:35.607, 82, 100, 7593, 10240
2026/10/07 13:28:35.807, 82, 100, 7593, 10240
2026/10/07 13:28:36.008, 83, 100, 7593, 10240
2026/10/07 13:28:36.208, 83, 100, 7593, 10240
2026/10/07 13:28:36.408, 83, 100, 7593, 10240
2026/10/07 13:28:36.608, 83, 100, 7593, 10240
2026/10/07 13:28:36.808, 83, 100, 7593, 10240
2026/10/07 13:28:37.008, 83, 100, 7593, 10240
2026/10/07 13:28:37.208, 83, 100, 7593, 10240
2026/10/07 13:28:37.409, 83, 100, 7593, 10240
2026/10/07 13:28:37.609, 83, 100, 7593, 10240
2026/10/07 13:28:37.809, 83, 100, 7593, 10240
2026/10/07 13:28:38.009, 83, 100, 7593, 10240
2026/10/07 13:28:38.209, 83, 100, 7593, 10240
2026/10/07 13:28:38.409, 83, 96, 7593, 10240
2026/10/07 13:28:38.609, 83, 96, 7593, 10240
2026/10/07 13:28:38.810, 83, 96, 7593, 10240
2026/10/07 13:28:39.010, 83, 96, 7593, 10240
2026/10/07 13:28:39.210, 83, 96, 7593, 10240
2026/10/07 13:28:39.410, 82, 99, 7593, 10240
2026/10/07 13:28:39.610, 82, 99, 7593, 10240
2026/10/07 13:28:39.810, 82, 99, 7593, 10240
2026/10/07 13:28:40.010, 81, 99, 7593, 10240
2026/10/07 13:28:40.211, 81, 99, 7593, 10240
2026/10/07 13:28:40.411, 81, 99, 7593, 10240
2026/10/07 13:28:40.611, 81, 99, 7593, 10240
2026/10/07 13:28:40.811, 81, 99, 7593, 10240
2026/10/07 13:28:41.011, 81, 99, 7593, 10240
2026/10/07 13:28:41.211, 81, 99, 7593, 10240
2026/10/07 13:28:41.411, 81, 100, 7593, 10240
2026/10/07 13:28:41.611, 81, 100, 7593, 10240
2026/10/07 13:28:41.812, 81, 100, 7593, 10240
2026/10/07 13:28:42.012, 81, 100, 7593, 10240
2026/10/07 13:28:42.212, 81, 100, 7593, 10240
2026/10/07 13:28:42.412, 81, 99, 7593, 10240
2026/10/07 13:28:42.612, 81, 99, 7593, 10240
2026/10/07 13:28:42.812, 81, 99, 7593, 10240
2026/10/07 13:28:43.012, 81, 99, 7593, 10240
2026/10/07 13:28:43.212, 81, 99, 7593, 10240
2026/10/07 13:28:43.413, 81, 100, 7593, 10240
2026/10/07 13:28:43.613, 81, 100, 7593, 10240
2026/10/07 13:28:43.813, 81, 100, 7593, 10240
2026/10/07 13:28:44.013, 81, 100, 7593, 10240
2026/10/07 13:28:44.213, 81, 100, 7593, 10240
2026/10/07 13:28:44.413, 86, 100, 7593, 10240
2026/10/07 13:28:44.613, 86, 100, 7593, 10240
2026/10/07 13:28:44.814, 86, 100, 7593, 10240
2026/10/07 13:28:45.014, 87, 100, 7593, 10240
2026/10/07 13:28:45.214, 87, 100, 7593, 10240
2026/10/07 13:28:45.414, 87, 99, 7593, 10240
2026/10/07 13:28:45.614, 87, 99, 7593, 10240
2026/10/07 13:28:45.814, 87, 99, 7593, 10240
2026/10/07 13:28:46.014, 87, 99, 7593, 10240
2026/10/07 13:28:46.214, 87, 99, 7593, 10240
2026/10/07 13:28:46.415, 88, 100, 7593, 10240
2026/10/07 13:28:46.615, 88, 100, 7593, 10240
2026/10/07 13:28:46.815, 88, 100, 7593, 10240
2026/10/07 13:28:47.015, 87, 100, 7593, 10240
2026/10/07 13:28:47.215, 87, 100, 7593, 10240
2026/10/07 13:28:47.415, 87, 97, 7593, 10240
2026/10/07 13:28:47.615, 87, 97, 7593, 10240
2026/10/07 13:28:47.815, 87, 97, 7593, 10240
2026/10/07 13:28:48.016, 86, 97, 7593, 10240
2026/10/07 13:28:48.216, 86, 97, 7593, 10240
2026/10/07 13:28:48.416, 85, 97, 7593, 10240
2026/10/07 13:28:48.616, 85, 97, 7593, 10240
2026/10/07 13:28:48.816, 85, 97, 7593, 10240
2026/10/07 13:28:49.016, 84, 97, 7593, 10240
2026/10/07 13:28:49.216, 84, 97, 7593, 10240
2026/10/07 13:28:49.416, 82, 100, 7593, 10240
2026/10/07 13:28:49.617, 82, 100, 7593, 10240
2026/10/07 13:28:49.817, 82, 100, 7593, 10240
2026/10/07 13:28:50.017, 82, 100, 7593, 10240
2026/10/07 13:28:50.217, 82, 100, 7593, 10240
2026/10/07 13:28:50.417, 82, 100, 7593, 10240
2026/10/07 13:28:50.617, 82, 100, 7593, 10240
2026/10/07 13:28:50.817, 82, 100, 7593, 10240
2026/10/07 13:28:51.018, 82, 100, 7593, 10240
2026/10/07 13:28:51.218, 82, 100, 7593, 10240
2026/10/07 13:28:51.418, 82, 99, 7593, 10240
2026/10/07 13:28:51.618, 82, 99, 7593, 10240
2026/10/07 13:28:51.818, 82, 99, 7593, 10240
2026/10/07 13:28:52.018, 82, 99, 7593, 10240
2026/10/07 13:28:52.218, 82, 99, 7593, 10240
2026/10/07 13:28:52.419, 83, 100, 7593, 10240
2026/10/07 13:28:52.619, 83, 100, 7593, 10240
2026/10/07 13:28:52.819, 83, 100, 7593, 10240
2026/10/07 13:28:53.019, 83, 100, 7593, 10240
2026/10/07 13:28:53.219, 83, 100, 7593, 10240
2026/10/07 13:28:53.419, 83, 99, 7593, 10240
2026/10/07 13:28:53.619, 83, 99, 7593, 10240
2026/10/07 13:28:53.819, 83, 99, 7593, 10240
2026/10/07 13:28:54.020, 84, 99, 7593, 10240
2026/10/07 13:28:54.220, 84, 99, 7593, 10240
2026/10/07 13:28:54.420, 84, 99, 7593, 10240
2026/10/07 13:28:54.620, 84, 99, 7593, 10240
2026/10/07 13:28:54.820, 84, 99, 7593, 10240
2026/10/07 13:28:55.020, 84, 99, 7593, 10240
2026/10/07 13:28:55.220, 84, 99, 7593, 10240
2026/10/07 13:28:55.420, 84, 91, 7593, 10240
2026/10/07 13:28:55.621, 84, 91, 7593, 10240
2026/10/07 13:28:55.821, 84, 91, 7593, 10240
2026/10/07 13:28:56.021, 85, 91, 7593, 10240
2026/10/07 13:28:56.221, 85, 91, 7593, 10240
2026/10/07 13:28:56.421, 83, 98, 7593, 10240
2026/10/07 13:28:56.621, 83, 98, 7593, 10240
2026/10/07 13:28:56.821, 83, 98, 7593, 10240
2026/10/07 13:28:57.021, 82, 98, 7593, 10240
2026/10/07 13:28:57.222, 82, 98, 7593, 10240
2026/10/07 13:28:57.422, 82, 99, 7593, 10240
2026/10/07 13:28:57.622, 82, 99, 7593, 10240
2026/10/07 13:28:57.822, 82, 99, 7593, 10240
2026/10/07 13:28:58.022, 82, 99, 7593, 10240
2026/10/07 13:28:58.222, 82, 99, 7593, 10240
2026/10/07 13:28:58.422, 82, 99, 7593, 10240
2026/10/07 13:28:58.622, 82, 99, 7593, 10240
2026/10/07 13:28:58.823, 82, 99, 7593, 10240
2026/10/07 13:28:59.023, 81, 99, 7593, 10240
2026/10/07 13:28:59.223, 81, 99, 7593, 10240
2026/10/07 13:28:59.423, 81, 99, 7593, 10240
2026/10/07 13:28:59.623, 81, 99, 7593, 10240
2026/10/07 13:28:59.823, 81, 99, 7593, 10240
2026/10/07 13:29:00.023, 81, 99, 7593, 10240
2026/10/07 13:29:00.224, 81, 99, 7593, 10240
2026/10/07 13:29:00.424, 81, 99, 7593, 10240
2026/10/07 13:29:00.624, 81, 99, 7593, 10240
2026/10/07 13:29:00.824, 81, 99, 7593, 10240
2026/10/07 13:29:01.024, 82, 99, 7593, 10240
2026/10/07 13:29:01.224, 82, 99, 7593, 10240
2026/10/07 13:29:01.424, 84, 100, 7593, 10240
2026/10/07 13:29:01.624, 84, 100, 7593, 10240
2026/10/07 13:29:01.825, 84, 100, 7593, 10240
2026/10/07 13:29:02.025, 87, 100, 7593, 10240
2026/10/07 13:29:02.225, 87, 100, 7593, 10240
2026/10/07 13:29:02.425, 87, 99, 7593, 10240
2026/10/07 13:29:02.625, 87, 99, 7593, 10240
2026/10/07 13:29:02.825, 87, 99, 7593, 10240
2026/10/07 13:29:03.025, 87, 99, 7593, 10240
2026/10/07 13:29:03.225, 87, 99, 7593, 10240
2026/10/07 13:29:03.426, 88, 100, 7593, 10240
2026/10/07 13:29:03.626, 88, 100, 7593, 10240
2026/10/07 13:29:03.826, 88, 100, 7593, 10240
2026/10/07 13:29:04.026, 88, 100, 7593, 10240
2026/10/07 13:29:04.226, 88, 100, 7593, 10240
2026/10/07 13:29:04.426, 87, 90, 7593, 10240
2026/10/07 13:29:04.626, 87, 90, 7593, 10240
2026/10/07 13:29:04.827, 87, 90, 7593, 10240
2026/10/07 13:29:05.027, 87, 90, 7593, 10240
2026/10/07 13:29:05.227, 87, 90, 7593, 10240
2026/10/07 13:29:05.427, 86, 97, 7593, 10240
2026/10/07 13:29:05.627, 86, 97, 7593, 10240
2026/10/07 13:29:05.827, 86, 97, 7593, 10240
2026/10/07 13:29:06.027, 84, 97, 7593, 10240
2026/10/07 13:29:06.228, 84, 97, 7593, 10240
2026/10/07 13:29:06.428, 83, 99, 7593, 10240
2026/10/07 13:29:06.628, 83, 99, 7593, 10240
2026/10/07 13:29:06.828, 83, 99, 7593, 10240
2026/10/07 13:29:07.028, 83, 99, 7593, 10240
2026/10/07 13:29:07.228, 83, 99, 7593, 10240
2026/10/07 13:29:07.428, 82, 99, 7593, 10240
2026/10/07 13:29:07.629, 82, 99, 7593, 10240
2026/10/07 13:29:07.829, 82, 99, 7593, 10240
2026/10/07 13:29:08.029, 82, 99, 7593, 10240
2026/10/07 13:29:08.229, 82, 99, 7593, 10240
2026/10/07 13:29:08.429, 82, 100, 7593, 10240
2026/10/07 13:29:08.629, 82, 100, 7593, 10240
2026/10/07 13:29:08.829, 82, 100, 7593, 10240
2026/10/07 13:29:09.029, 82, 100, 7593, 10240
2026/10/07 13:29:09.230, 82, 100, 7593, 10240
2026/10/07 13:29:09.430, 83, 100, 7593, 10240
2026/10/07 13:29:09.630, 83, 100, 7593, 10240
2026/10/07 13:29:09.830, 83, 100, 7593, 10240
2026/10/07 13:29:10.030, 83, 100, 7593, 10240
2026/10/07 13:29:10.230, 83, 100, 7593, 10240
2026/10/07 13:29:10.430, 83, 99, 7593, 10240
2026/10/07 13:29:10.630, 83, 99, 7593, 10240
2026/10/07 13:29:10.831, 83, 99, 7593, 10240
2026/10/07 13:29:11.031, 84, 99, 7593, 10240
2026/10/07 13:29:11.231, 84, 99, 7593, 10240
2026/10/07 13:29:11.431, 84, 100, 7593, 10240
2026/10/07 13:29:11.631, 84, 100, 7593, 10240
2026/10/07 13:29:11.831, 84, 100, 7593, 10240
2026/10/07 13:29:12.031, 84, 100, 7593, 10240
2026/10/07 13:29:12.231, 84, 100, 7593, 10240
2026/10/07 13:29:12.432, 84, 100, 7593, 10240
2026/10/07 13:29:12.632, 84, 100, 7593, 10240
2026/10/07 13:29:12.832, 84, 100, 7593, 10240
2026/10/07 13:29:13.032, 85, 100, 7593, 10240
2026/10/07 13:29:13.232, 85, 100, 7593, 10240
2026/10/07 13:29:13.432, 85, 100, 7593, 10240
2026/10/07 13:29:13.632, 85, 100, 7593, 10240
2026/10/07 13:29:13.833, 85, 100, 7593, 10240
2026/10/07 13:29:14.033, 85, 100, 7593, 10240
2026/10/07 13:29:14.233, 85, 100, 7593, 10240
2026/10/07 13:29:14.433, 84, 98, 7593, 10240
2026/10/07 13:29:14.633, 84, 98, 7593, 10240
2026/10/07 13:29:14.833, 84, 98, 7593, 10240
2026/10/07 13:29:15.033, 83, 98, 7593, 10240
2026/10/07 13:29:15.234, 83, 98, 7593, 10240
2026/10/07 13:29:15.434, 82, 99, 7593, 10240
2026/10/07 13:29:15.634, 82, 99, 7593, 10240
2026/10/07 13:29:15.834, 82, 99, 7593, 10240
2026/10/07 13:29:16.034, 82, 99, 7593, 10240
2026/10/07 13:29:16.234, 82, 99, 7593, 10240
2026/10/07 13:29:16.434, 82, 99, 7593, 10240
2026/10/07 13:29:16.634, 82, 99, 7593, 10240
2026/10/07 13:29:16.835, 82, 99, 7593, 10240
2026/10/07 13:29:17.035, 82, 99, 7593, 10240
2026/10/07 13:29:17.235, 82, 99, 7593, 10240
2026/10/07 13:29:17.435, 82, 99, 7593, 10240
2026/10/07 13:29:17.635, 82, 99, 7593, 10240
2026/10/07 13:29:17.835, 82, 99, 7593, 10240
2026/10/07 13:29:18.035, 82, 99, 7593, 10240
2026/10/07 13:29:18.235, 82, 99, 7593, 10240
2026/10/07 13:29:18.436, 82, 99, 7593, 10240
2026/10/07 13:29:18.636, 82, 99, 7593, 10240
2026/10/07 13:29:18.836, 82, 99, 7593, 10240
2026/10/07 13:29:19.036, 82, 99, 7593, 10240
2026/10/07 13:29:19.236, 82, 99, 7593, 10240
2026/10/07 13:29:19.436, 82, 82, 7593, 10240
2026/10/07 13:29:19.636, 82, 82, 7593, 10240
2026/10/07 13:29:19.836, 82, 82, 7593, 10240
2026/10/07 13:29:20.036, 83, 82, 7593, 10240
2026/10/07 13:29:20.237, 83, 82, 7593, 10240
2026/10/07 13:29:20.437, 83, 100, 7593, 10240
2026/10/07 13:29:20.637, 83, 100, 7593, 10240
2026/10/07 13:29:20.837, 83, 100, 7593, 10240
2026/10/07 13:29:21.037, 83, 100, 7593, 10240
2026/10/07 13:29:21.237, 83, 100, 7593, 10240
2026/10/07 13:29:21.437, 84, 100, 7593, 10240
2026/10/07 13:29:21.637, 84, 100, 7593, 10240
2026/10/07 13:29:21.838, 84, 100, 7593, 10240
2026/10/07 13:29:22.038, 84, 100, 7593, 10240
2026/10/07 13:29:22.238, 84, 100, 7593, 10240
2026/10/07 13:29:22.438, 85, 100, 7593, 10240
2026/10/07 13:29:22.638, 85, 100, 7593, 10240
2026/10/07 13:29:22.838, 85, 100, 7593, 10240
2026/10/07 13:29:23.038, 85, 100, 7593, 10240
2026/10/07 13:29:23.238, 85, 100, 7593, 10240
2026/10/07 13:29:23.439, 85, 100, 7593, 10240
2026/10/07 13:29:23.639, 85, 100, 7593, 10240
2026/10/07 13:29:23.839, 85, 100, 7593, 10240
2026/10/07 13:29:24.039, 85, 100, 7593, 10240
2026/10/07 13:29:24.239, 85, 100, 7593, 10240
2026/10/07 13:29:24.439, 85, 97, 7593, 10240
2026/10/07 13:29:24.639, 85, 97, 7593, 10240
2026/10/07 13:29:24.839, 85, 97, 7593, 10240
2026/10/07 13:29:25.040, 85, 97, 7593, 10240
2026/10/07 13:29:25.240, 85, 97, 7593, 10240
2026/10/07 13:29:25.440, 84, 99, 7593, 10240
2026/10/07 13:29:25.640, 84, 99, 7593, 10240
2026/10/07 13:29:25.840, 84, 99, 7593, 10240
2026/10/07 13:29:26.040, 83, 99, 7593, 10240
2026/10/07 13:29:26.240, 83, 99, 7593, 10240
2026/10/07 13:29:26.440, 83, 99, 7593, 10240
2026/10/07 13:29:26.641, 83, 99, 7593, 10240
2026/10/07 13:29:26.841, 83, 99, 7593, 10240
2026/10/07 13:29:27.041, 82, 99, 7593, 10240
2026/10/07 13:29:27.241, 82, 99, 7593, 10240
2026/10/07 13:29:27.441, 82, 99, 7593, 10240
2026/10/07 13:29:27.641, 82, 99, 7593, 10240
2026/10/07 13:29:27.841, 82, 99, 7593, 10240
2026/10/07 13:29:28.042, 82, 99, 7593, 10240
2026/10/07 13:29:28.242, 82, 99, 7593, 10240
2026/10/07 13:29:28.442, 82, 99, 7593, 10240
2026/10/07 13:29:28.642, 82, 99, 7593, 10240
2026/10/07 13:29:28.842, 82, 99, 7593, 10240
2026/10/07 13:29:29.042, 82, 99, 7593, 10240
2026/10/07 13:29:29.242, 82, 99, 7593, 10240
2026/10/07 13:29:29.442, 82, 99, 7593, 10240
2026/10/07 13:29:29.642, 82, 99, 443, 10240
2026/10/07 13:29:29.843, 82, 99, 440, 10240
