2026/10/07 13:35:33.872, 60, 0, 173, 10240
2026/10/07 13:35:34.079, 60, 0, 175, 10240
2026/10/07 13:35:34.279, 60, 0, 397, 10240
2026/10/07 13:35:34.479, 60, 0, 397, 10240
2026/10/07 13:35:34.680, 62, 0, 397, 10240
2026/10/07 13:35:34.880, 62, 0, 397, 10240
2026/10/07 13:35:35.080, 63, 0, 397, 10240
2026/10/07 13:35:35.280, 63, 0, 397, 10240
2026/10/07 13:35:35.480, 63, 0, 397, 10240
2026/10/07 13:35:35.680, 63, 0, 397, 10240
2026/10/07 13:35:35.880, 63, 0, 397, 10240
2026/10/07 13:35:36.081, 63, 0, 397, 10240
2026/10/07 13:35:36.281, 63, 0, 397, 10240
2026/10/07 13:35:36.481, 63, 0, 397, 10240
2026/10/07 13:35:36.681, 63, 0, 397, 10240
2026/10/07 13:35:36.881, 63, 0, 397, 10240
2026/10/07 13:35:37.081, 63, 0, 5793, 10240
2026/10/07 13:35:37.282, 63, 0, 5793, 10240
2026/10/07 13:35:37.482, 63, 0, 5793, 10240
2026/10/07 13:35:37.682, 63, 69, 5793, 10240
2026/10/07 13:35:37.882, 63, 69, 6417, 10240
2026/10/07 13:35:38.082, 65, 69, 6417, 10240
2026/10/07 13:35:38.282, 65, 69, 6417, 10240
2026/10/07 13:35:38.483, 65, 69, 6417, 10240
2026/10/07 13:35:38.683, 64, 0, 6417, 10240
2026/10/07 13:35:38.883, 64, 0, 6417, 10240
2026/10/07 13:35:39.083, 64, 0, 6445, 10240
2026/10/07 13:35:39.283, 64, 0, 6445, 10240
2026/10/07 13:35:39.483, 64, 0, 6445, 10240
2026/10/07 13:35:39.683, 70, 99, 6445, 10240
2026/10/07 13:35:39.884, 70, 99, 6445, 10240
2026/10/07 13:35:40.084, 71, 99, 6445, 10240
2026/10/07 13:35:40.284, 71, 99, 6445, 10240
2026/10/07 13:35:40.484, 71, 99, 6445, 10240
2026/10/07 13:35:40.684, 71, 100, 6445, 10240
2026/10/07 13:35:40.884, 71, 100, 6445, 10240
2026/10/07 13:35:41.084, 72, 100, 6445, 10240
2026/10/07 13:35:41.285, 72, 100, 6445, 10240
2026/10/07 13:35:41.485, 72, 100, 6445, 10240
2026/10/07 13:35:41.685, 72, 100, 6445, 10240
2026/10/07 13:35:41.885, 72, 100, 6445, 10240
2026/10/07 13:35:42.085, 72, 100, 6445, 10240
2026/10/07 13:35:42.285, 72, 100, 6445, 10240
2026/10/07 13:35:42.485, 72, 100, 6445, 10240
2026/10/07 13:35:42.686, 72, 96, 6445, 10240
2026/10/07 13:35:42.886, 72, 96, 6445, 10240
2026/10/07 13:35:43.086, 72, 96, 6445, 10240
2026/10/07 13:35:43.286, 72, 96, 6445, 10240
2026/10/07 13:35:43.486, 72, 96, 6445, 10240
2026/10/07 13:35:43.686, 72, 96, 6445, 10240
2026/10/07 13:35:43.886, 72, 96, 6445, 10240
2026/10/07 13:35:44.087, 73, 96, 6445, 10240
2026/10/07 13:35:44.287, 73, 96, 6445, 10240
2026/10/07 13:35:44.487, 73, 96, 6445, 10240
2026/10/07 13:35:44.687, 73, 100, 6445, 10240
2026/10/07 13:35:44.887, 73, 100, 6445, 10240
2026/10/07 13:35:45.087, 74, 100, 6445, 10240
2026/10/07 13:35:45.287, 74, 100, 6445, 10240
2026/10/07 13:35:45.487, 74, 100, 6445, 10240
2026/10/07 13:35:45.688, 74, 100, 6445, 10240
2026/10/07 13:35:45.888, 74, 100, 6445, 10240
2026/10/07 13:35:46.088, 74, 100, 6445, 10240
2026/10/07 13:35:46.288, 74, 100, 6445, 10240
2026/10/07 13:35:46.488, 74, 100, 6445, 10240
2026/10/07 13:35:46.688, 73, 91, 6445, 10240
2026/10/07 13:35:46.888, 73, 91, 6445, 10240
2026/10/07 13:35:47.089, 74, 91, 6445, 10240
2026/10/07 13:35:47.289, 74, 91, 6445, 10240
2026/10/07 13:35:47.489, 74, 91, 6445, 10240
2026/10/07 13:35:47.689, 74, 96, 6445, 10240
2026/10/07 13:35:47.889, 74, 96, 6445, 10240
2026/10/07 13:35:48.089, 74, 96, 6445, 10240
2026/10/07 13:35:48.289, 74, 96, 6445, 10240
2026/10/07 13:35:48.490, 74, 96, 6445, 10240
2026/10/07 13:35:48.690, 73, 96, 6445, 10240
2026/10/07 13:35:48.890, 73, 96, 6445, 10240
2026/10/07 13:35:49.090, 75, 96, 6445, 10240
2026/10/07 13:35:49.290, 75, 96, 6445, 10240
2026/10/07 13:35:49.490, 75, 96, 6445, 10240
2026/10/07 13:35:49.690, 75, 100, 6445, 10240
2026/10/07 13:35:49.890, 75, 100, 6445, 10240
2026/10/07 13:35:50.091, 75, 100, 6445, 10240
2026/10/07 13:35:50.291, 75, 100, 6445, 10240
2026/10/07 13:35:50.491, 75, 99, 6445, 10240
2026/10/07 13:35:50.691, 75, 99, 6445, 10240
2026/10/07 13:35:50.891, 75, 99, 6445, 10240
2026/10/07 13:35:51.091, 76, 99, 6445, 10240
2026/10/07 13:35:51.291, 76, 99, 6445, 10240
2026/10/07 13:35:51.492, 76, 100, 6445, 10240
2026/10/07 13:35:51.692, 76, 100, 6445, 10240
2026/10/07 13:35:51.892, 76, 100, 6445, 10240
2026/10/07 13:35:52.092, 75, 100, 6445, 10240
2026/10/07 13:35:52.292, 75, 100, 6445, 10240
2026/10/07 13:35:52.492, 75, 96, 6445, 10240
2026/10/07 13:35:52.692, 75, 96, 6445, 10240
2026/10/07 13:35:52.892, 75, 96, 6445, 10240
2026/10/07 13:35:53.093, 75, 96, 6445, 10240
2026/10/07 13:35:53.293, 75, 96, 6445, 10240
2026/10/07 13:35:53.493, 76, 100, 6445, 10240
2026/10/07 13:35:53.693, 76, 100, 6445, 10240
2026/10/07 13:35:53.893, 76, 100, 6445, 10240
2026/10/07 13:35:54.093, 76, 100, 6445, 10240
2026/10/07 13:35:54.293, 76, 100, 6445, 10240
2026/10/07 13:35:54.494, 77, 100, 6445, 10240
2026/10/07 13:35:54.694, 77, 100, 6445, 10240
2026/10/07 13:35:54.894, 77, 100, 6445, 10240
2026/10/07 13:35:55.094, 77, 100, 6445, 10240
2026/10/07 13:35:55.294, 77, 100, 6445, 10240
2026/10/07 13:35:55.494, 77, 99, 6445, 10240
2026/10/07 13:35:55.694, 77, 99, 6445, 10240
2026/10/07 13:35:55.894, 77, 99, 6445, 10240
2026/10/07 13:35:56.095, 77, 99, 6445, 10240
2026/10/07 13:35:56.295, 77, 99, 6445, 10240
2026/10/07 13:35:56.495, 77, 96, 6445, 10240
2026/10/07 13:35:56.695, 77, 96, 6445, 10240
2026/10/07 13:35:56.895, 77, 96, 6445, 10240
2026/10/07 13:35:57.095, 77, 96, 6445, 10240
2026/10/07 13:35:57.295, 77, 96, 6445, 10240
2026/10/07 13:35:57.496, 76, 96, 6445, 10240
2026/10/07 13:35:57.696, 76, 96, 6445, 10240
2026/10/07 13:35:57.896, 76, 96, 6445, 10240
2026/10/07 13:35:58.096, 77, 96, 6445, 10240
2026/10/07 13:35:58.296, 77, 96, 6445, 10240
2026/10/07 13:35:58.496, 77, 100, 6445, 10240
2026/10/07 13:35:58.696, 77, 100, 6445, 10240
2026/10/07 13:35:58.896, 77, 100, 6445, 10240
2026/10/07 13:35:59.097, 78, 100, 6445, 10240
2026/10/07 13:35:59.297, 78, 100, 6445, 10240
2026/10/07 13:35:59.497, 78, 100, 6445, 10240
2026/10/07 13:35:59.697, 78, 100, 6445, 10240
2026/10/07 13:35:59.897, 78, 100, 6445, 10240
2026/10/07 13:36:00.097, 78, 100, 6445, 10240
2026/10/07 13:36:00.297, 78, 100, 6445, 10240
2026/10/07 13:36:00.498, 78, 100, 6445, 10240
2026/10/07 13:36:00.698, 78, 100, 6445, 10240
2026/10/07 13:36:00.898, 78, 100, 6445, 10240
2026/10/07 13:36:01.098, 79, 100, 6445, 10240
2026/10/07 13:36:01.298, 79, 100, 6445, 10240
2026/10/07 13:36:01.498, 78, 96, 6445, 10240
2026/10/07 13:36:01.698, 78, 96, 6445, 10240
2026/10/07 13:36:01.898, 78, 96, 6445, 10240
2026/10/07 13:36:02.099, 78, 96, 6445, 10240
2026/10/07 13:36:02.299, 78, 96, 6445, 10240
2026/10/07 13:36:02.499, 78, 94, 6445, 10240
2026/10/07 13:36:02.699, 78, 94, 6445, 10240
2026/10/07 13:36:02.899, 78, 94, 6445, 10240
2026/10/07 13:36:03.099, 79, 94, 6445, 10240
2026/10/07 13:36:03.299, 79, 94, 6445, 10240
2026/10/07 13:36:03.500, 79, 100, 6445, 10240
2026/10/07 13:36:03.700, 79, 100, 6445, 10240
2026/10/07 13:36:03.900, 79, 100, 6445, 10240
2026/10/07 13:36:04.100, 79, 100, 6445, 10240
2026/10/07 13:36:04.300, 79, 100, 6445, 10240
2026/10/07 13:36:04.500, 79, 100, 6445, 10240
2026/10/07 13:36:04.700, 79, 100, 6445, 10240
2026/10/07 13:36:04.901, 79, 100, 6445, 10240
2026/10/07 13:36:05.101, 79, 100, 6445, 10240
2026/10/07 13:36:05.301, 79, 100, 6445, 10240
2026/10/07 13:36:05.501, 80, 100, 6445, 10240
2026/10/07 13:36:05.701, 80, 100, 6445, 10240
2026/10/07 13:36:05.901, 80, 100, 6445, 10240
2026/10/07 13:36:06.101, 79, 100, 6445, 10240
2026/10/07 13:36:06.301, 79, 100, 6445, 10240
2026/10/07 13:36:06.502, 79, 96, 6445, 10240
2026/10/07 13:36:06.702, 79, 96, 6445, 10240
2026/10/07 13:36:06.902, 79, 96, 6445, 10240
2026/10/07 13:36:07.102, 79, 96, 6445, 10240
2026/10/07 13:36:07.302, 79, 96, 6445, 10240
2026/10/07 13:36:07.502, 79, 100, 6445, 10240
2026/10/07 13:36:07.702, 79, 100, 6445, 10240
2026/10/07 13:36:07.902, 79, 100, 6445, 10240
2026/10/07 13:36:08.103, 80, 100, 6445, 10240
2026/10/07 13:36:08.303, 80, 100, 6445, 10240
2026/10/07 13:36:08.503, 80, 100, 6445, 10240
2026/10/07 13:36:08.703, 80, 100, 6445, 10240
2026/10/07 13:36:08.903, 80, 100, 6445, 10240
2026/10/07 13:36:09.103, 80, 100, 6445, 10240
2026/10/07 13:36:09.303, 80, 100, 6445, 10240
2026/10/07 13:36:09.504, 80, 100, 6445, 10240
2026/10/07 13:36:09.704, 80, 100, 6445, 10240
2026/10/07 13:36:09.904, 80, 100, 6445, 10240
2026/10/07 13:36:10.104, 81, 100, 6445, 10240
2026/10/07 13:36:10.304, 81, 100, 6445, 10240
2026/10/07 13:36:10.504, 81, 91, 6445, 10240
2026/10/07 13:36:10.704, 81, 91, 6445, 10240
2026/10/07 13:36:10.904, 81, 91, 6445, 10240
2026/10/07 13:36:11.105, 80, 91, 6445, 10240
2026/10/07 13:36:11.305, 80, 91, 6445, 10240
2026/10/07 13:36:11.505, 80, 96, 6445, 10240
2026/10/07 13:36:11.705, 80, 96, 6445, 10240
2026/10/07 13:36:11.905, 80, 96, 6445, 10240
2026/10/07 13:36:12.105, 79, 96, 6445, 10240
2026/10/07 13:36:12.305, 79, 96, 6445, 10240
2026/10/07 13:36:12.506, 76, 100, 6445, 10240
2026/10/07 13:36:12.706, 76, 100, 6445, 10240
2026/10/07 13:36:12.906, 76, 100, 6445, 10240
2026/10/07 13:36:13.106, 78, 100, 6445, 10240
2026/10/07 13:36:13.306, 78, 100, 6445, 10240
2026/10/07 13:36:13.506, 78, 100, 6445, 10240
2026/10/07 13:36:13.706, 78, 100, 6445, 10240
2026/10/07 13:36:13.907, 78, 100, 6445, 10240
2026/10/07 13:36:14.107, 80, 100, 6445, 10240
2026/10/07 13:36:14.307, 80, 100, 6445, 10240
2026/10/07 13:36:14.507, 81, 99, 6445, 10240
2026/10/07 13:36:14.707, 81, 99, 6445, 10240
2026/10/07 13:36:14.907, 81, 99, 6445, 10240
2026/10/07 13:36:15.107, 81, 99, 6445, 10240
2026/10/07 13:36:15.307, 81, 99, 6445, 10240
2026/10/07 13:36:15.508, 82, 100, 6445, 10240
2026/10/07 13:36:15.708, 82, 100, 6445, 10240
2026/10/07 13:36:15.908, 82, 100, 6445, 10240
2026/10/07 13:36:16.108, 81, 100, 6445, 10240
2026/10/07 13:36:16.308, 81, 100, 6445, 10240
2026/10/07 13:36:16.508, 81, 96, 6445, 10240
2026/10/07 13:36:16.708, 81, 96, 6445, 10240
2026/10/07 13:36:16.909, 81, 96, 6445, 10240
2026/10/07 13:36:17.109, 80, 96, 6445, 10240
2026/10/07 13:36:17.309, 80, 96, 6445, 10240
2026/10/07 13:36:17.509, 79, 100, 6445, 10240
2026/10/07 13:36:17.709, 79, 100, 6445, 10240
2026/10/07 13:36:17.909, 79, 100, 6445, 10240
2026/10/07 13:36:18.109, 78, 100, 6445, 10240
2026/10/07 13:36:18.309, 78, 100, 6445, 10240
2026/10/07 13:36:18.510, 79, 100, 6445, 10240
2026/10/07 13:36:18.710, 79, 100, 6445, 10240
2026/10/07 13:36:18.910, 79, 100, 6445, 10240
2026/10/07 13:36:19.110, 79, 100, 6445, 10240
2026/10/07 13:36:19.310, 79, 100, 6445, 10240
2026/10/07 13:36:19.510, 79, 99, 6445, 10240
2026/10/07 13:36:19.710, 79, 99, 6445, 10240
2026/10/07 13:36:19.910, 79, 99, 6445, 10240
2026/10/07 13:36:20.111, 80, 99, 6445, 10240
2026/10/07 13:36:20.311, 80, 99, 6445, 10240
2026/10/07 13:36:20.511, 80, 100, 6445, 10240
2026/10/07 13:36:20.711, 80, 100, 6445, 10240
2026/10/07 13:36:20.911, 80, 100, 6445, 10240
2026/10/07 13:36:21.111, 82, 100, 6445, 10240
2026/10/07 13:36:21.312, 82, 100, 6445, 10240
2026/10/07 13:36:21.512, 82, 96, 6445, 10240
2026/10/07 13:36:21.712, 82, 96, 6445, 10240
2026/10/07 13:36:21.912, 82, 96, 6445, 10240
2026/10/07 13:36:22.112, 80, 96, 6445, 10240
2026/10/07 13:36:22.312, 80, 96, 6445, 10240
2026/10/07 13:36:22.512, 78, 83, 6445, 10240
2026/10/07 13:36:22.712, 78, 83, 6445, 10240
2026/10/07 13:36:22.913, 78, 83, 6445, 10240
2026/10/07 13:36:23.113, 78, 83, 6445, 10240
2026/10/07 13:36:23.313, 78, 83, 6445, 10240
2026/10/07 13:36:23.513, 78, 99, 6445, 10240
2026/10/07 13:36:23.713, 78, 99, 6445, 10240
2026/10/07 13:36:23.913, 78, 99, 6445, 10240
2026/10/07 13:36:24.113, 78, 99, 6445, 10240
2026/10/07 13:36:24.313, 78, 99, 6445, 10240
2026/10/07 13:36:24.514, 78, 100, 6445, 10240
2026/10/07 13:36:24.714, 78, 100, 6445, 10240
2026/10/07 13:36:24.914, 78, 100, 6445, 10240
2026/10/07 13:36:25.114, 82, 100, 6445, 10240
2026/10/07 13:36:25.314, 82, 100, 6445, 10240
2026/10/07 13:36:25.514, 83, 100, 6445, 10240
2026/10/07 13:36:25.714, 83, 100, 6445, 10240
2026/10/07 13:36:25.914, 83, 100, 6445, 10240
2026/10/07 13:36:26.115, 83, 100, 6445, 10240
2026/10/07 13:36:26.315, 83, 100, 6445, 10240
2026/10/07 13:36:26.515, 83, 96, 6445, 10240
2026/10/07 13:36:26.715, 83, 96, 6445, 10240
2026/10/07 13:36:26.915, 83, 96, 6445, 10240
2026/10/07 13:36:27.115, 82, 96, 6445, 10240
2026/10/07 13:36:27.315, 82, 96, 6445, 10240
2026/10/07 13:36:27.515, 81, 96, 6445, 10240
2026/10/07 13:36:27.716, 81, 96, 6445, 10240
2026/10/07 13:36:27.916, 81, 96, 6445, 10240
2026/10/07 13:36:28.116, 77, 96, 6445, 10240
2026/10/07 13:36:28.316, 77, 96, 6445, 10240
2026/10/07 13:36:28.516, 76, 100, 6445, 10240
2026/10/07 13:36:28.716, 76, 100, 6445, 10240
2026/10/07 13:36:28.916, 76, 100, 6445, 10240
2026/10/07 13:36:29.116, 82, 100, 6445, 10240
2026/10/07 13:36:29.317, 82, 100, 6445, 10240
2026/10/07 13:36:29.517, 83, 100, 6445, 10240
2026/10/07 13:36:29.717, 83, 100, 6445, 10240
2026/10/07 13:36:29.917, 83, 100, 6445, 10240
2026/10/07 13:36:30.117, 83, 100, 6445, 10240
2026/10/07 13:36:30.317, 83, 100, 6445, 10240
2026/10/07 13:36:30.517, 84, 100, 6445, 10240
2026/10/07 13:36:30.718, 84, 100, 6445, 10240
2026/10/07 13:36:30.918, 84, 100, 6445, 10240
2026/10/07 13:36:31.118, 84, 100, 6445, 10240
2026/10/07 13:36:31.318, 84, 100, 6445, 10240
2026/10/07 13:36:31.518, 84, 93, 6445, 10240
2026/10/07 13:36:31.718, 84, 93, 6445, 10240
2026/10/07 13:36:31.918, 84, 93, 6445, 10240
2026/10/07 13:36:32.119, 84, 93, 6445, 10240
2026/10/07 13:36:32.319, 84, 93, 6445, 10240
2026/10/07 13:36:32.519, 82, 97, 6445, 10240
2026/10/07 13:36:32.719, 82, 97, 6445, 10240
2026/10/07 13:36:32.919, 82, 97, 6445, 10240
2026/10/07 13:36:33.119, 80, 97, 6445, 10240
2026/10/07 13:36:33.319, 80, 97, 6445, 10240
2026/10/07 13:36:33.519, 80, 100, 6445, 10240
2026/10/07 13:36:33.720, 80, 100, 6445, 10240
2026/10/07 13:36:33.920, 80, 100, 6445, 10240
2026/10/07 13:36:34.120, 80, 100, 6445, 10240
2026/10/07 13:36:34.320, 80, 100, 6445, 10240
2026/10/07 13:36:34.520, 80, 100, 6445, 10240
2026/10/07 13:36:34.720, 80, 100, 6445, 10240
2026/10/07 13:36:34.920, 80, 100, 6445, 10240
2026/10/07 13:36:35.121, 80, 100, 6445, 10240
2026/10/07 13:36:35.321, 80, 100, 6445, 10240
2026/10/07 13:36:35.521, 80, 100, 6445, 10240
2026/10/07 13:36:35.721, 80, 100, 6445, 10240
2026/10/07 13:36:35.921, 80, 100, 6445, 10240
2026/10/07 13:36:36.121, 81, 100, 6445, 10240
2026/10/07 13:36:36.321, 81, 100, 6445, 10240
2026/10/07 13:36:36.522, 81, 91, 6445, 10240
2026/10/07 13:36:36.722, 81, 91, 6445, 10240
2026/10/07 13:36:36.922, 81, 91, 6445, 10240
2026/10/07 13:36:37.122, 80, 91, 6445, 10240
2026/10/07 13:36:37.322, 80, 91, 6445, 10240
2026/10/07 13:36:37.522, 82, 96, 6445, 10240
2026/10/07 13:36:37.722, 82, 96, 6445, 10240
2026/10/07 13:36:37.922, 82, 96, 6445, 10240
2026/10/07 13:36:38.123, 81, 96, 6445, 10240
2026/10/07 13:36:38.323, 81, 96, 6445, 10240
2026/10/07 13:36:38.523, 79, 97, 6445, 10240
2026/10/07 13:36:38.723, 79, 97, 6445, 10240
2026/10/07 13:36:38.923, 79, 97, 6445, 10240
2026/10/07 13:36:39.123, 78, 97, 6445, 10240
2026/10/07 13:36:39.323, 78, 97, 6445, 10240
2026/10/07 13:36:39.523, 77, 100, 6445, 10240
2026/10/07 13:36:39.724, 77, 100, 6445, 10240
2026/10/07 13:36:39.924, 77, 100, 6445, 10240
2026/10/07 13:36:40.124, 81, 100, 6445, 10240
2026/10/07 13:36:40.324, 81, 100, 6445, 10240
2026/10/07 13:36:40.524, 84, 100, 6445, 10240
2026/10/07 13:36:40.724, 84, 100, 6445, 10240
2026/10/07 13:36:40.924, 84, 100, 6445, 10240
2026/10/07 13:36:41.125, 84, 100, 6445, 10240
2026/10/07 13:36:41.325, 84, 100, 6445, 10240
2026/10/07 13:36:41.525, 85, 100, 6445, 10240
2026/10/07 13:36:41.725, 85, 100, 6445, 10240
2026/10/07 13:36:41.925, 85, 100, 6445, 10240
2026/10/07 13:36:42.125, 84, 100, 6445, 10240
2026/10/07 13:36:42.325, 84, 100, 6445, 10240
2026/10/07 13:36:42.525, 85, 100, 6445, 10240
2026/10/07 13:36:42.726, 85, 100, 6445, 10240
2026/10/07 13:36:42.926, 85, 100, 6445, 10240
2026/10/07 13:36:43.126, 85, 100, 6445, 10240
2026/10/07 13:36:43.326, 85, 100, 6445, 10240
2026/10/07 13:36:43.526, 84, 95, 6445, 10240
2026/10/07 13:36:43.726, 84, 95, 6445, 10240
2026/10/07 13:36:43.927, 84, 95, 6445, 10240
2026/10/07 13:36:44.127, 82, 95, 6445, 10240
2026/10/07 13:36:44.327, 82, 95, 6445, 10240
2026/10/07 13:36:44.527, 81, 81, 6445, 10240
2026/10/07 13:36:44.727, 81, 81, 6445, 10240
2026/10/07 13:36:44.927, 81, 81, 6445, 10240
2026/10/07 13:36:45.127, 81, 81, 6445, 10240
2026/10/07 13:36:45.327, 81, 81, 6445, 10240
2026/10/07 13:36:45.528, 80, 100, 6445, 10240
2026/10/07 13:36:45.728, 80, 100, 6445, 10240
2026/10/07 13:36:45.928, 80, 100, 6445, 10240
2026/10/07 13:36:46.128, 80, 100, 6445, 10240
2026/10/07 13:36:46.328, 80, 100, 6445, 10240
2026/10/07 13:36:46.528, 80, 100, 6445, 10240
2026/10/07 13:36:46.728, 80, 100, 6445, 10240
2026/10/07 13:36:46.929, 80, 100, 6445, 10240
2026/10/07 13:36:47.129, 81, 100, 6445, 10240
2026/10/07 13:36:47.329, 81, 100, 6445, 10240
2026/10/07 13:36:47.529, 81, 100, 6445, 10240
2026/10/07 13:36:47.729, 81, 100, 6445, 10240
2026/10/07 13:36:47.929, 81, 100, 6445, 10240
2026/10/07 13:36:48.129, 81, 100, 6445, 10240
2026/10/07 13:36:48.329, 81, 100, 6445, 10240
2026/10/07 13:36:48.529, 82, 100, 6445, 10240
2026/10/07 13:36:48.730, 82, 100, 6445, 10240
2026/10/07 13:36:48.930, 82, 100, 6445, 10240
2026/10/07 13:36:49.130, 82, 100, 6445, 10240
2026/10/07 13:36:49.330, 82, 100, 6445, 10240
2026/10/07 13:36:49.530, 82, 96, 6445, 10240
2026/10/07 13:36:49.730, 82, 96, 6445, 10240
2026/10/07 13:36:49.930, 82, 96, 6445, 10240
2026/10/07 13:36:50.131, 80, 96, 6445, 10240
2026/10/07 13:36:50.331, 80, 96, 6445, 10240
2026/10/07 13:36:50.531, 79, 99, 6445, 10240
2026/10/07 13:36:50.731, 79, 99, 6445, 10240
2026/10/07 13:36:50.931, 79, 99, 6445, 10240
2026/10/07 13:36:51.131, 78, 99, 6445, 10240
2026/10/07 13:36:51.331, 78, 99, 6445, 10240
2026/10/07 13:36:51.532, 79, 89, 6445, 10240
2026/10/07 13:36:51.732, 79, 89, 6445, 10240
2026/10/07 13:36:51.932, 79, 89, 6445, 10240
2026/10/07 13:36:52.132, 84, 89, 6445, 10240
2026/10/07 13:36:52.332, 84, 89, 6445, 10240
2026/10/07 13:36:52.532, 85, 100, 6445, 10240
2026/10/07 13:36:52.732, 85, 100, 6445, 10240
2026/10/07 13:36:52.932, 85, 100, 6445, 10240
2026/10/07 13:36:53.133, 85, 100, 6445, 10240
2026/10/07 13:36:53.333, 85, 100, 6445, 10240
2026/10/07 13:36:53.533, 86, 100, 6445, 10240
2026/10/07 13:36:53.733, 86, 100, 6445, 10240
2026/10/07 13:36:53.933, 86, 100, 6445, 10240
2026/10/07 13:36:54.133, 86, 100, 6445, 10240
2026/10/07 13:36:54.333, 86, 100, 6445, 10240
2026/10/07 13:36:54.533, 86, 100, 6445, 10240
2026/10/07 13:36:54.734, 86, 100, 6445, 10240
2026/10/07 13:36:54.934, 86, 100, 6445, 10240
2026/10/07 13:36:55.134, 85, 100, 6445, 10240
2026/10/07 13:36:55.334, 85, 100, 6445, 10240
2026/10/07 13:36:55.534, 85, 97, 6445, 10240
2026/10/07 13:36:55.734, 85, 97, 6445, 10240
2026/10/07 13:36:55.934, 85, 97, 6445, 10240
2026/10/07 13:36:56.135, 84, 97, 6445, 10240
2026/10/07 13:36:56.335, 84, 97, 6445, 10240
2026/10/07 13:36:56.535, 82, 83, 6445, 10240
2026/10/07 13:36:56.735, 82, 83, 6445, 10240
2026/10/07 13:36:56.935, 82, 83, 6445, 10240
2026/10/07 13:36:57.135, 81, 83, 6445, 10240
2026/10/07 13:36:57.335, 81, 83, 6445, 10240
2026/10/07 13:36:57.535, 81, 100, 6445, 10240
2026/10/07 13:36:57.736, 81, 100, 6445, 10240
2026/10/07 13:36:57.936, 81, 100, 6445, 10240
2026/10/07 13:36:58.136, 81, 100, 6445, 10240
2026/10/07 13:36:58.336, 81, 100, 6445, 10240
2026/10/07 13:36:58.536, 81, 100, 6445, 10240
2026/10/07 13:36:58.736, 81, 100, 6445, 10240
2026/10/07 13:36:58.936, 81, 100, 6445, 10240
2026/10/07 13:36:59.136, 81, 100, 6445, 10240
2026/10/07 13:36:59.337, 81, 100, 6445, 10240
2026/10/07 13:36:59.537, 82, 100, 6445, 10240
2026/10/07 13:36:59.737, 82, 100, 6445, 10240
2026/10/07 13:36:59.937, 82, 100, 6445, 10240
2026/10/07 13:37:00.137, 82, 100, 6445, 10240
2026/10/07 13:37:00.337, 82, 100, 6445, 10240
2026/10/07 13:37:00.537, 82, 100, 6445, 10240
2026/10/07 13:37:00.737, 82, 100, 6445, 10240
2026/10/07 13:37:00.937, 82, 100, 6445, 10240
2026/10/07 13:37:01.138, 82, 100, 6445, 10240
2026/10/07 13:37:01.338, 82, 100, 6445, 10240
2026/10/07 13:37:01.538, 83, 96, 6445, 10240
2026/10/07 13:37:01.738, 83, 96, 6445, 10240
2026/10/07 13:37:01.938, 83, 96, 6445, 10240
2026/10/07 13:37:02.138, 82, 96, 6445, 10240
2026/10/07 13:37:02.339, 82, 96, 6445, 10240
2026/10/07 13:37:02.539, 81, 98, 6445, 10240
2026/10/07 13:37:02.739, 81, 98, 6445, 10240
2026/10/07 13:37:02.939, 81, 98, 6445, 10240
2026/10/07 13:37:03.139, 80, 98, 6445, 10240
2026/10/07 13:37:03.339, 80, 98, 6445, 10240
2026/10/07 13:37:03.539, 80, 99, 6445, 10240
2026/10/07 13:37:03.740, 80, 99, 6445, 10240
2026/10/07 13:37:03.940, 80, 99, 6445, 10240
2026/10/07 13:37:04.140, 80, 99, 6445, 10240
2026/10/07 13:37:04.340, 80, 99, 6445, 10240
2026/10/07 13:37:04.540, 80, 100, 6445, 10240
2026/10/07 13:37:04.740, 80, 100, 6445, 10240
2026/10/07 13:37:04.940, 80, 100, 6445, 10240
2026/10/07 13:37:05.140, 80, 100, 6445, 10240
2026/10/07 13:37:05.341, 80, 100, 6445, 10240
2026/10/07 13:37:05.541, 85, 100, 6445, 10240
2026/10/07 13:37:05.741, 85, 100, 6445, 10240
2026/10/07 13:37:05.941, 85, 100, 6445, 10240
2026/10/07 13:37:06.141, 86, 100, 6445, 10240
2026/10/07 13:37:06.341, 86, 100, 6445, 10240
2026/10/07 13:37:06.541, 86, 100, 6445, 10240
2026/10/07 13:37:06.741, 86, 100, 6445, 10240
2026/10/07 13:37:06.942, 86, 100, 6445, 10240
2026/10/07 13:37:07.142, 87, 100, 6445, 10240
2026/10/07 13:37:07.342, 87, 100, 6445, 10240
2026/10/07 13:37:07.542, 87, 100, 6445, 10240
2026/10/07 13:37:07.742, 87, 100, 6445, 10240
2026/10/07 13:37:07.942, 87, 100, 6445, 10240
2026/10/07 13:37:08.142, 85, 100, 6445, 10240
2026/10/07 13:37:08.343, 85, 100, 6445, 10240
2026/10/07 13:37:08.543, 86, 97, 6445, 10240
2026/10/07 13:37:08.743, 86, 97, 6445, 10240
2026/10/07 13:37:08.943, 86, 97, 6445, 10240
2026/10/07 13:37:09.143, 84, 97, 6445, 10240
2026/10/07 13:37:09.343, 84, 97, 6445, 10240
2026/10/07 13:37:09.543, 83, 97, 6445, 10240
2026/10/07 13:37:09.743, 83, 97, 6445, 10240
2026/10/07 13:37:09.944, 83, 97, 6445, 10240
2026/10/07 13:37:10.144, 81, 97, 6445, 10240
2026/10/07 13:37:10.344, 81, 97, 6445, 10240
2026/10/07 13:37:10.544, 81, 100, 6445, 10240
2026/10/07 13:37:10.744, 81, 100, 6445, 10240
2026/10/07 13:37:10.944, 81, 100, 6445, 10240
2026/10/07 13:37:11.144, 81, 100, 6445, 10240
2026/10/07 13:37:11.344, 81, 100, 6445, 10240
2026/10/07 13:37:11.545, 85, 99, 6445, 10240
2026/10/07 13:37:11.745, 85, 99, 6445, 10240
2026/10/07 13:37:11.945, 85, 99, 6445, 10240
2026/10/07 13:37:12.145, 87, 99, 6445, 10240
2026/10/07 13:37:12.345, 87, 99, 6445, 10240
2026/10/07 13:37:12.545, 87, 100, 6445, 10240
2026/10/07 13:37:12.745, 87, 100, 6445, 10240
2026/10/07 13:37:12.945, 87, 100, 6445, 10240
2026/10/07 13:37:13.146, 87, 100, 6445, 10240
2026/10/07 13:37:13.346, 87, 100, 6445, 10240
2026/10/07 13:37:13.546, 87, 100, 6445, 10240
2026/10/07 13:37:13.746, 87, 100, 6445, 10240
2026/10/07 13:37:13.946, 87, 100, 6445, 10240
2026/10/07 13:37:14.146, 87, 100, 6445, 10240
2026/10/07 13:37:14.346, 87, 100, 6445, 10240
2026/10/07 13:37:14.547, 87, 96, 6445, 10240
2026/10/07 13:37:14.747, 87, 96, 6445, 10240
2026/10/07 13:37:14.947, 87, 96, 6445, 10240
2026/10/07 13:37:15.147, 86, 96, 6445, 10240
2026/10/07 13:37:15.347, 86, 96, 6445, 10240
2026/10/07 13:37:15.547, 84, 96, 6445, 10240
2026/10/07 13:37:15.747, 84, 96, 6445, 10240
2026/10/07 13:37:15.947, 84, 96, 6445, 10240
2026/10/07 13:37:16.148, 83, 96, 6445, 10240
2026/10/07 13:37:16.348, 83, 96, 6445, 10240
2026/10/07 13:37:16.548, 82, 100, 6445, 10240
2026/10/07 13:37:16.748, 82, 100, 6445, 10240
2026/10/07 13:37:16.948, 82, 100, 6445, 10240
2026/10/07 13:37:17.148, 82, 100, 6445, 10240
2026/10/07 13:37:17.348, 82, 100, 6445, 10240
2026/10/07 13:37:17.549, 82, 100, 6445, 10240
2026/10/07 13:37:17.749, 82, 100, 6445, 10240
2026/10/07 13:37:17.949, 82, 100, 6445, 10240
2026/10/07 13:37:18.149, 82, 100, 6445, 10240
2026/10/07 13:37:18.349, 82, 100, 6445, 10240
2026/10/07 13:37:18.549, 82, 100, 6445, 10240
2026/10/07 13:37:18.749, 82, 100, 6445, 10240
2026/10/07 13:37:18.949, 82, 100, 6445, 10240
2026/10/07 13:37:19.150, 83, 100, 6445, 10240
2026/10/07 13:37:19.350, 83, 100, 6445, 10240
2026/10/07 13:37:19.550, 83, 99, 6445, 10240
2026/10/07 13:37:19.750, 83, 99, 6445, 10240
2026/10/07 13:37:19.950, 83, 99, 6445, 10240
2026/10/07 13:37:20.150, 83, 99, 6445, 10240
2026/10/07 13:37:20.350, 83, 99, 6445, 10240
2026/10/07 13:37:20.550, 83, 99, 6445, 10240
2026/10/07 13:37:20.751, 83, 99, 6445, 10240
2026/10/07 13:37:20.951, 83, 99, 6445, 10240
2026/10/07 13:37:21.151, 84, 99, 6445, 10240
2026/10/07 13:37:21.351, 84, 99, 6445, 10240
2026/10/07 13:37:21.551, 84, 100, 6445, 10240
2026/10/07 13:37:21.751, 84, 100, 6445, 10240
2026/10/07 13:37:21.951, 84, 100, 6445, 10240
2026/10/07 13:37:22.152, 83, 100, 6445, 10240
2026/10/07 13:37:22.352, 83, 100, 6445, 10240
2026/10/07 13:37:22.552, 83, 97, 6445, 10240
2026/10/07 13:37:22.752, 83, 97, 6445, 10240
2026/10/07 13:37:22.952, 83, 97, 6445, 10240
2026/10/07 13:37:23.152, 81, 97, 6445, 10240
2026/10/07 13:37:23.352, 81, 97, 6445, 10240
2026/10/07 13:37:23.552, 81, 100, 6445, 10240
2026/10/07 13:37:23.753, 81, 100, 6445, 10240
2026/10/07 13:37:23.953, 81, 100, 6445, 10240
2026/10/07 13:37:24.153, 81, 100, 6445, 10240
2026/10/07 13:37:24.353, 81, 100, 6445, 10240
2026/10/07 13:37:24.553, 81, 99, 6445, 10240
2026/10/07 13:37:24.753, 81, 99, 6445, 10240
2026/10/07 13:37:24.953, 81, 99, 6445, 10240
2026/10/07 13:37:25.154, 81, 99, 6445, 10240
2026/10/07 13:37:25.354, 81, 99, 6445, 10240
2026/10/07 13:37:25.554, 81, 99, 6445, 10240
2026/10/07 13:37:25.754, 81, 99, 6445, 10240
2026/10/07 13:37:25.954, 81, 99, 6445, 10240
2026/10/07 13:37:26.154, 81, 99, 6445, 10240
2026/10/07 13:37:26.354, 81, 99, 6445, 10240
2026/10/07 13:37:26.554, 82, 100, 6445, 10240
2026/10/07 13:37:26.755, 82, 100, 6445, 10240
2026/10/07 13:37:26.955, 82, 100, 6445, 10240
2026/10/07 13:37:27.155, 82, 100, 6445, 10240
2026/10/07 13:37:27.355, 82, 100, 6445, 10240
2026/10/07 13:37:27.555, 83, 100, 6445, 10240
2026/10/07 13:37:27.755, 83, 100, 6445, 10240
2026/10/07 13:37:27.955, 83, 100, 6445, 10240
2026/10/07 13:37:28.156, 83, 100, 6445, 10240
2026/10/07 13:37:28.356, 83, 100, 6445, 10240
2026/10/07 13:37:28.556, 84, 100, 6445, 10240
2026/10/07 13:37:28.756, 84, 100, 6445, 10240
2026/10/07 13:37:28.956, 84, 100, 6445, 10240
2026/10/07 13:37:29.156, 84, 100, 6445, 10240
2026/10/07 13:37:29.356, 84, 100, 6445, 10240
2026/10/07 13:37:29.556, 84, 100, 6445, 10240
2026/10/07 13:37:29.757, 84, 100, 6445, 10240
2026/10/07 13:37:29.957, 84, 100, 6445, 10240
2026/10/07 13:37:30.157, 84, 100, 6445, 10240
2026/10/07 13:37:30.357, 84, 100, 6445, 10240
2026/10/07 13:37:30.557, 84, 96, 6445, 10240
2026/10/07 13:37:30.757, 84, 96, 6445, 10240
2026/10/07 13:37:30.957, 84, 96, 6445, 10240
2026/10/07 13:37:31.158, 84, 96, 6445, 10240
2026/10/07 13:37:31.358, 84, 96, 6445, 10240
2026/10/07 13:37:31.558, 82, 98, 6445, 10240
2026/10/07 13:37:31.758, 82, 98, 6445, 10240
2026/10/07 13:37:31.958, 82, 98, 6445, 10240
2026/10/07 13:37:32.158, 81, 98, 6445, 10240
2026/10/07 13:37:32.358, 81, 98, 6445, 10240
2026/10/07 13:37:32.558, 81, 99, 6445, 10240
2026/10/07 13:37:32.759, 81, 99, 6445, 10240
2026/10/07 13:37:32.959, 81, 99, 6445, 10240
2026/10/07 13:37:33.159, 81, 99, 6445, 10240
2026/10/07 13:37:33.359, 81, 99, 6445, 10240
2026/10/07 13:37:33.559, 81, 99, 6445, 10240
2026/10/07 13:37:33.759, 81, 99, 6445, 10240
2026/10/07 13:37:33.959, 81, 99, 6445, 10240
2026/10/07 13:37:34.160, 81, 99, 6445, 10240
2026/10/07 13:37:34.360, 81, 99, 6445, 10240
2026/10/07 13:37:34.560, 82, 100, 6445, 10240
2026/10/07 13:37:34.760, 82, 100, 6445, 10240
2026/10/07 13:37:34.960, 82, 100, 6445, 10240
2026/10/07 13:37:35.160, 87, 100, 6445, 10240
2026/10/07 13:37:35.360, 87, 100, 6445, 10240
2026/10/07 13:37:35.560, 88, 99, 6445, 10240
2026/10/07 13:37:35.761, 88, 99, 6445, 10240
2026/10/07 13:37:35.961, 88, 99, 6445, 10240
2026/10/07 13:37:36.161, 88, 99, 6445, 10240
2026/10/07 13:37:36.361, 88, 99, 6445, 10240
2026/10/07 13:37:36.561, 88, 100, 6445, 10240
2026/10/07 13:37:36.761, 88, 100, 6445, 10240
2026/10/07 13:37:36.961, 88, 100, 6445, 10240
2026/10/07 13:37:37.161, 88, 100, 6445, 10240
2026/10/07 13:37:37.362, 88, 100, 6445, 10240
2026/10/07 13:37:37.562, 87, 93, 6445, 10240
2026/10/07 13:37:37.762, 87, 93, 6445, 10240
2026/10/07 13:37:37.962, 87, 93, 6445, 10240
2026/10/07 13:37:38.162, 87, 93, 6445, 10240
2026/10/07 13:37:38.362, 87, 93, 6445, 10240
2026/10/07 13:37:38.562, 86, 96, 6445, 10240
2026/10/07 13:37:38.763, 86, 96, 6445, 10240
2026/10/07 13:37:38.963, 86, 96, 6445, 10240
2026/10/07 13:37:39.163, 84, 96, 6445, 10240
2026/10/07 13:37:39.363, 84, 96, 439, 10240
2026/10/07 13:37:39.563, 82, 100, 439, 10240
