generated_position,target_token,mtp_token,target_raw_top1_id,target_raw_top1_logit,target_raw_top2_id,target_raw_top2_logit,mtp_raw_top1_id,mtp_raw_top1_logit,mtp_raw_top2_id,mtp_raw_top2_logit,target_post_bias_top1_id,target_post_bias_top1_logit,target_post_bias_top2_id,target_post_bias_top2_logit,mtp_post_bias_top1_id,mtp_post_bias_top1_logit,mtp_post_bias_top2_id,mtp_post_bias_top2_logit
0,283,283,283,15.1834679,28,11.0714798,283,15.1834679,28,11.0714798,283,15.1834679,28,11.0714798,283,15.1834679,28,11.0714798
1,18912,18912,18912,13.8327179,1167,13.5669727,18912,13.8392105,46369,13.5736732,18912,13.8327179,1167,13.5669727,18912,13.8392105,46369,13.5736732
2,36840,36840,36840,18.3088531,4680,14.3625994,36840,18.3474312,4680,14.4129124,36840,18.3088531,4680,14.3625994,36840,18.3474312,4680,14.4129124
3,26657,26657,26657,16.3667698,4051,15.5433617,26657,16.3774376,4051,15.5199165,26657,16.3667698,4051,15.5433617,26657,16.3774376,4051,15.5199165
4,4051,4051,4051,16.0340996,12952,15.9572067,4051,16.0298691,12952,16.0077019,4051,16.0340996,12952,15.9572067,4051,16.0298691,12952,16.0077019
5,12952,12952,12952,16.0811806,62,14.4938145,12952,16.0788326,62,14.534338,12952,16.0811806,62,14.4938145,12952,16.0788326,62,14.534338
6,54,54,54,18.3868275,16451,14.7360325,54,18.3764381,16451,14.7373371,54,18.3868275,16451,14.7360325,54,18.3764381,16451,14.7373371
7,923,923,923,21.0639992,19740,13.3811054,923,20.9940643,19740,13.3382969,923,21.0639992,19740,13.3811054,923,20.9940643,19740,13.3382969
8,18,18,18,16.580677,62,14.6257076,18,16.5772324,62,14.5994968,18,16.580677,62,14.6257076,18,16.5772324,62,14.5994968
9,20,20,20,15.4878674,62,15.3797894,20,15.4874249,62,15.3888493,20,15.4878674,62,15.3797894,20,15.4874249,62,15.3888493
10,62,62,62,16.2525063,54318,13.6664267,62,16.2889328,54318,13.6605873,62,16.2525063,54318,13.6664267,62,16.2889328,54318,13.6605873
11,17,17,17,16.1629238,23,15.3258162,17,16.1283627,23,15.3402319,17,16.1629238,23,15.3258162,17,16.1283627,23,15.3402319
12,19,19,19,17.6317711,23,13.3826981,19,17.6165543,23,13.3342381,19,17.6317711,23,13.3826981,19,17.6165543,23,13.3342381
13,33,33,33,15.9153881,43,14.4892416,33,15.8828888,43,14.4421511,33,15.9153881,43,14.4892416,33,15.8828888,43,14.4421511
14,26,26,26,15.3121052,2258,12.9425335,26,15.3295937,2258,12.8965416,26,15.3121052,2258,12.9425335,26,15.3295937,2258,12.8965416
15,198,198,198,15.001936,248046,13.4146166,198,14.9655294,248046,13.4193592,198,15.001936,220,12.2840328,198,14.9655294,220,12.2409306
16,285,285,285,15.6926346,248046,13.9293022,285,15.7141895,248046,13.9358625,285,15.6926346,309,11.8466148,285,15.7141895,309,11.8359699
17,1105,1105,1105,12.9151077,220,10.9097815,1105,12.8886929,220,10.9725628,1105,12.9151077,220,10.9097815,1105,12.8886929,220,10.9725628
18,220,220,220,15.8284922,248046,10.2963943,220,15.8277369,248046,10.3114185,220,15.8284922,307,8.26018238,220,15.8277369,307,8.26951981
19,17,17,17,11.9149904,54802,11.4014492,17,11.8009195,54802,11.1255522,17,11.9149904,54802,11.4014492,17,11.8009195,54802,11.1255522
20,1822,1822,1822,11.6769962,17,11.0887823,1822,11.6469269,17,11.151968,1822,11.6769962,17,11.0887823,1822,11.6469269,17,11.151968
21,12316,12316,12316,11.7587585,6000,10.7088051,12316,11.7570686,6000,10.7231731,12316,11.7587585,6000,10.7088051,12316,11.7570686,6000,10.7231731
22,25,25,25,13.2204418,248046,12.6417866,25,13.2386932,248046,12.6111078,25,13.2204418,478,12.4389772,25,13.2386932,478,12.4615307
23,913,913,913,13.283905,198,12.3830967,913,13.2588501,198,12.345726,913,13.283905,198,12.3830967,913,13.2588501,198,12.345726
24,283,283,283,16.2165604,248046,13.059248,283,16.2135468,248046,13.0702744,283,16.2165604,28,10.0055599,283,16.2135468,28,10.0019398
25,18912,18912,18912,15.8426933,248046,12.1303596,18912,15.8677063,248046,12.1534815,18912,15.8426933,2423,11.1628075,18912,15.8677063,2423,11.176199
26,36840,36840,36840,15.7049198,248046,11.714201,36840,15.7031631,248046,11.7287598,36840,15.7049198,1354,11.708889,36840,15.7031631,1354,11.6961288
27,26657,26657,26657,12.7127476,2275,11.7496777,26657,12.7587614,2275,11.7918396,26657,12.7127476,2275,11.7496777,26657,12.7587614,2275,11.7918396
28,4051,4051,4051,12.5392284,248046,11.6979828,4051,12.6721668,248046,11.7576294,4051,12.5392284,11442,11.0271883,4051,12.6721668,11442,11.0943079
29,12952,12952,12952,17.0935307,62,12.2097502,12952,17.0989056,62,12.2084904,12952,17.0935307,62,12.2097502,12952,17.0989056,62,12.2084904
30,54,54,54,12.6522045,48,11.3151531,54,12.6595678,48,11.3149204,54,12.6522045,48,11.3151531,54,12.6595678,48,11.3149204
31,408,408,408,11.1248121,1026,10.8377037,408,11.2208786,1026,10.8926849,408,11.1248121,1026,10.8377037,408,11.2208786,1026,10.8926849
32,3231,3231,3231,12.8289452,283,10.4369965,3231,12.7750683,283,10.4516983,3231,12.8289452,283,10.4369965,3231,12.7750683,283,10.4516983
33,4129,4129,4129,11.8333664,283,10.7210159,4129,11.8051176,283,10.7722721,4129,11.8333664,283,10.7210159,4129,11.8051176,283,10.7722721
34,198,198,198,11.1118088,248046,10.9745655,198,11.1044407,248046,10.9427242,198,11.1118088,25,10.9061718,198,11.1044407,25,10.8955383
35,285,285,285,13.2943802,262,12.763298,285,13.3108244,262,12.7512598,285,13.2943802,262,12.763298,285,13.3108244,262,12.7512598
36,1105,1105,1105,15.0602169,434,12.1844463,1105,15.059557,434,12.1936255,1105,15.0602169,434,12.1844463,1105,15.059557,434,12.1936255
37,220,220,220,15.43929,248046,10.2112408,220,15.4341545,248046,10.2038069,220,15.43929,1822,9.30178928,220,15.4341545,1822,9.30737686
38,17,17,17,14.4423313,19,12.5280561,17,14.4626122,19,12.5653515,17,14.4423313,19,12.5280561,17,14.4626122,19,12.5653515
39,19,19,19,13.2751932,23,13.0120373,19,13.2505007,23,13.0315342,19,13.2751932,23,13.0120373,19,13.2505007,23,13.0315342
40,25,25,25,13.9923582,33,11.3920736,25,13.9940434,33,11.437912,25,13.9923582,33,11.3920736,25,13.9940434,33,11.437912
41,913,913,913,14.9379997,670,12.0083733,913,14.9618359,670,12.0018101,913,14.9379997,670,12.0083733,913,14.9618359,670,12.0018101
42,283,283,283,13.900032,248046,12.1515541,283,13.8842421,248046,12.1335382,283,13.900032,1558,10.110054,283,13.8842421,1558,10.1016645
43,18912,18912,18912,15.2445335,248046,11.7436333,18912,15.1992798,248046,11.719759,18912,15.2445335,2423,10.3952122,18912,15.1992798,2423,10.3903961
44,36840,36840,36840,15.5283804,1354,11.1305485,36840,15.5397739,1354,11.1152515,36840,15.5283804,1354,11.1305485,36840,15.5397739,1354,11.1152515
45,26657,26657,26657,14.5789299,4885,11.29533,26657,14.4362879,4885,11.2806034,26657,14.5789299,4885,11.29533,26657,14.4362879,4885,11.2806034
46,4051,4051,4051,15.6081963,248046,12.0836515,4051,15.4372883,248046,12.1797295,4051,15.6081963,12952,11.2437105,4051,15.4372883,12952,10.8075123
47,12952,12952,12952,16.1429405,248046,12.048975,12952,16.1260395,248046,12.0278435,12952,16.1429405,62,11.532526,12952,16.1260395,62,11.5211315
48,54,54,54,16.0110416,16451,12.0567074,54,16.0340805,16451,12.044755,54,16.0110416,16451,12.0567074,54,16.0340805,16451,12.044755
49,923,923,923,16.2139893,268,11.5027809,923,16.2302704,268,11.4690018,923,16.2139893,268,11.5027809,923,16.2302704,268,11.4690018
50,18,18,18,15.6553478,248046,11.5865211,18,15.6362171,248046,11.5832949,18,15.6553478,62,9.80501938,18,15.6362171,62,9.81104851
51,20,20,20,15.3927317,13,11.1804008,20,15.3905554,13,11.1888494,20,15.3927317,13,11.1804008,20,15.3905554,13,11.1888494
52,62,62,62,16.2232647,248046,11.4667797,62,16.2268181,248046,11.4847145,62,16.2232647,1203,9.89930916,62,16.2268181,1203,9.87242413
53,17,17,17,15.7996731,16,13.8070793,17,15.8055019,16,13.8162212,17,15.7996731,16,13.8070793,17,15.8055019,16,13.8162212
54,19,19,19,15.9994535,21,12.3581142,19,16.0048752,21,12.3882904,19,15.9994535,21,12.3581142,19,16.0048752,21,12.3882904
55,33,33,33,15.7693348,248046,11.3776855,33,15.7578945,248046,11.371048,33,15.7693348,198,10.2812147,33,15.7578945,198,10.2612457
56,26,26,26,15.1919403,248046,11.9870815,26,15.1721458,248046,11.9843016,26,15.1919403,198,11.0939474,26,15.1721458,198,11.0660439
57,198,198,198,15.6594238,248046,13.1194344,198,15.6617508,248046,13.1142883,198,15.6594238,271,12.585331,198,15.6617508,271,12.5690823
58,285,285,285,15.3053722,248046,13.3934469,285,15.2883759,248046,13.3947849,285,15.3053722,5461,11.4655457,285,15.2883759,5461,11.4963646
59,1105,1105,1105,13.9495964,913,12.171463,1105,13.9631729,913,12.1548529,1105,13.9495964,913,12.171463,1105,13.9631729,913,12.1548529
60,220,220,220,15.4283657,248046,10.848547,220,15.4478645,248046,10.8736019,220,15.4283657,1822,10.2168627,220,15.4478645,1822,10.1727819
61,17,17,17,14.7752647,19,12.4831715,17,14.767561,18,12.4825478,17,14.7752647,19,12.4831715,17,14.767561,18,12.4825478
62,19,19,19,13.8670235,1822,12.6068954,19,13.8949127,1822,12.6567726,19,13.8670235,1822,12.6068954,19,13.8949127,1822,12.6567726
63,25,25,25,15.3868122,248046,11.4568338,25,15.397047,248046,11.4498444,25,15.3868122,65,9.65963554,25,15.397047,65,9.67760277
64,913,913,913,14.943531,248046,12.3261061,913,14.9378567,248046,12.306427,913,14.943531,198,10.188468,913,14.9378567,198,10.1814508
65,283,283,283,15.6726494,248046,12.4808235,283,15.6432285,248046,12.4707813,283,15.6726494,28,9.32251263,283,15.6432285,28,9.32424736
66,1167,6195,248046,11.5850945,1167,8.84235477,248046,11.640255,6195,8.84262085,1167,8.84235477,795,8.6008625,6195,8.84262085,1167,8.83678246
67,54,198,54,15.1360531,16451,13.4211006,198,11.765214,248046,11.3461723,54,15.1360531,16451,13.4211006,198,11.765214,25,10.8312302
68,923,285,923,16.4642754,268,12.327898,285,15.1231117,248046,13.776001,923,16.4642754,268,12.327898,285,15.1231117,262,11.0253868
69,18,1105,18,15.1209335,248046,11.5549049,1105,14.4762573,248046,11.573184,18,15.1209335,62,10.581831,1105,14.4762573,6195,10.1985092
70,20,220,20,15.1780109,13,12.2168026,220,14.7955399,248046,11.0747509,20,15.1780109,13,12.2168026,220,14.7955399,307,8.44384003
71,62,17,62,15.6102409,248046,11.1105976,17,12.7613716,248046,9.40908718,62,15.6102409,4051,10.7529125,17,12.7613716,408,9.14602089
72,17,19,17,15.4374504,248046,12.7116013,19,12.8753891,248046,11.1604252,17,15.4374504,16,12.0740242,19,12.8753891,3289,10.0212727
73,19,25,19,15.3068018,248046,11.0868816,25,14.9110613,248046,12.0137062,19,15.3068018,198,9.65590096,25,14.9110613,65,10.3361216
74,33,47739,33,15.3683338,248046,11.2219429,248046,11.2638588,47739,10.1821098,33,15.3683338,198,10.2217236,47739,10.1821098,1414,9.63504696
75,26,198,26,14.6124802,248046,12.3333321,248046,13.0254107,198,12.8263817,26,14.6124802,198,11.6780558,198,12.8263817,1414,11.5291357
76,198,285,198,15.5903625,248046,14.1347303,285,15.7313023,248046,14.7455082,198,15.5903625,271,13.1604156,285,15.7313023,5816,13.5427513
77,285,47739,285,14.3393707,248046,13.6400204,248046,11.8941298,47739,10.832881,285,14.3393707,262,12.7020283,47739,10.832881,999,10.7256632
78,3289,198,3289,12.9423342,1105,12.7999048,198,12.7918415,248046,12.5342026,3289,12.9423342,1105,12.7999048,198,12.7918415,795,10.65975
79,318,285,318,15.2522869,248046,11.6977482,285,15.8393764,262,13.5810051,318,15.2522869,3101,10.6812191,285,15.8393764,262,13.5810051
80,71,47739,71,16.5566177,77,12.6633348,47739,14.0695801,1105,13.4081192,71,16.5566177,77,12.6633348,47739,14.0695801,1105,13.4081192
81,3403,198,3403,18.8797226,875,13.6101618,198,14.9044399,248046,13.585453,3403,18.8797226,875,13.6101618,198,14.9044399,271,11.4012232
82,1210,285,1210,17.2685318,248046,11.4332581,248046,13.3611965,285,12.2659111,1210,17.2685318,13,10.9493446,285,12.2659111,5816,10.9816122
83,12316,47739,12316,18.3279037,10930,12.670145,47739,12.8300343,220,11.3690662,12316,18.3279037,10930,12.670145,47739,12.8300343,220,11.3690662
84,2072,198,2072,16.7105846,5527,14.9880524,198,15.3766127,248046,13.4661045,2072,16.7105846,5527,14.9880524,198,15.3766127,271,12.1858435
85,313,285,313,15.9691296,248046,13.3064804,248046,12.9032516,285,9.81228065,313,15.9691296,198,13.0364428,285,9.81228065,5816,9.64019489
86,198,47739,198,15.3132439,248046,13.3554115,47739,13.7174129,1105,12.4909811,198,15.3132439,271,10.5647736,47739,13.7174129,1105,12.4909811
87,309,198,309,15.121603,285,14.0742865,198,15.0069714,248046,13.3382845,309,15.121603,285,14.0742865,198,15.0069714,271,11.5478716
88,1105,285,1105,16.8227234,434,11.9703045,285,14.989171,262,13.4609938,1105,16.8227234,434,11.9703045,285,14.989171,262,13.4609938
89,220,1822,220,16.5306568,248046,11.9018917,1822,13.8893986,1105,12.1359701,220,16.5306568,307,8.63759804,1822,13.8893986,1105,12.1359701
90,17,12316,17,15.8134823,16,11.7046337,12316,14.9896641,4129,12.106554,17,15.8134823,16,11.7046337,12316,14.9896641,4129,12.106554
91,19,25,19,15.2969818,248046,11.8069906,25,13.6950121,248046,12.8013277,19,15.2969818,25,11.2666607,25,13.6950121,198,12.2684307
92,25,913,25,16.4819603,248046,13.0408649,913,15.1676636,198,12.141098,25,16.4819603,198,10.1384125,913,15.1676636,198,12.141098
93,913,283,913,15.6727018,198,13.1936474,283,15.8622265,248046,12.8849716,913,15.6727018,198,13.1936474,283,15.8622265,198,10.8334656
94,283,18912,283,16.0010185,248046,13.1698837,18912,13.5049582,248046,11.4530725,283,16.0010185,28,9.80715942,18912,13.5049582,198,11.4177608
95,18912,36840,18912,15.6301956,1167,12.0828438,36840,16.411869,248046,11.3933792,18912,15.6301956,1167,12.0828438,36840,16.411869,2933,11.0637436
96,36840,26657,36840,17.2192116,2933,11.7125816,26657,12.2641344,4885,10.5050449,36840,17.2192116,2933,11.7125816,26657,12.2641344,4885,10.5050449
97,26657,4051,26657,15.9325523,248046,10.7642498,4051,13.8330383,248046,11.4198341,26657,15.9325523,46369,9.76370239,4051,13.8330383,1102,10.0909634
98,4051,12952,4051,12.4074364,248046,11.3541813,12952,15.5100193,248046,11.9848957,4051,12.4074364,26657,10.0536213,12952,15.5100193,62,11.8001118
99,12952,48,12952,14.0885611,248046,11.6264648,48,12.8008156,54,12.6958046,12952,14.0885611,62,11.5273285,48,12.8008156,54,12.6958046
100,54,16451,54,12.1669197,48,11.1627941,248046,12.1355572,16451,11.9782028,54,12.1669197,48,11.1627941,16451,11.9782028,54,11.9536695
101,923,18,923,12.0569935,248046,11.0311108,18,14.4151793,248046,10.4573421,923,12.0569935,268,10.3473358,18,14.4151793,220,10.4289646
102,18,20,18,13.447196,248046,9.95705223,20,14.752409,13,13.8025665,18,13.447196,17,9.5313797,20,14.752409,13,13.8025665
103,20,62,20,14.6153812,248046,10.1348963,62,14.1344681,198,11.6190157,20,14.6153812,198,8.8286171,62,14.1344681,198,11.6190157
104,62,17,62,16.9232826,248046,10.9657068,17,15.4052067,16,12.8312712,62,16.9232826,198,8.51691437,17,15.4052067,16,12.8312712
105,17,19,17,14.3748035,248046,10.3063202,19,15.4725561,248046,11.2444839,17,14.3748035,16,9.56394196,19,15.4725561,21,10.6881104
106,16401,33,16401,11.3645926,45543,10.902916,33,15.434535,248046,11.4693327,16401,11.3645926,45543,10.902916,33,15.434535,65,11.1557446
107,198,26,198,11.8553782,248046,10.3043098,26,14.8246107,248046,12.3614445,198,11.8553782,363,10.0318804,26,14.8246107,198,12.2047596
108,309,198,309,14.1033964,285,13.5567017,198,15.430275,248046,12.8255959,309,14.1033964,285,13.5567017,198,15.430275,271,12.4451523
109,1105,285,1105,15.4235144,2423,11.4209328,285,15.2506161,248046,13.9224548,1105,15.4235144,2423,11.4209328,285,15.2506161,3689,11.3407516
110,220,1822,220,15.5797033,248046,11.2682705,1822,14.5453072,1105,14.1960506,220,15.5797033,198,9.13585854,1822,14.5453072,1105,14.1960506
111,17,12316,17,13.9950876,16,12.0404606,12316,17.5468292,248046,11.549511,17,13.9950876,16,12.0404606,12316,17.5468292,6000,10.3898163
112,19,25,19,15.0868015,1822,12.0120869,25,14.7101145,248046,12.9308758,19,15.0868015,1822,12.0120869,25,14.7101145,198,10.1074505
113,25,913,25,15.5193501,248046,11.9764347,913,15.7500973,248046,12.436245,25,15.5193501,65,10.4138556,913,15.7500973,6195,10.4175596
114,913,283,913,11.8523903,248046,11.4702234,283,13.9648952,248046,12.3834057,913,11.8523903,33601,9.36335945,283,13.9648952,1558,10.4703465
115,283,18912,248046,12.4586668,283,12.2503347,18912,12.9606094,248046,11.2545729,283,12.2503347,1558,11.4220133,18912,12.9606094,6195,10.4983883
116,54802,36840,248046,12.570528,54802,11.0713711,248046,11.6985703,36840,11.4476585,54802,11.0713711,50285,10.781414,36840,11.4476585,2933,10.6030788
117,2581,4885,2581,15.8791218,248046,10.1716518,248046,11.3015547,4885,10.5421638,2581,15.8791218,1203,9.4883213,4885,10.5421638,12952,10.3153343
118,4051,1756,4051,13.2565699,26657,13.0070677,1756,12.1118603,248046,11.5344372,4051,13.2565699,26657,13.0070677,1756,12.1118603,198,10.984374
119,1352,8705,1352,15.1587429,12952,13.91747,8705,14.3556652,12952,12.9328279,1352,15.1587429,12952,13.91747,8705,14.3556652,12952,12.9328279
120,18,16451,18,15.6922531,16,15.6379108,16451,17.9543228,80,12.8978863,18,15.6922531,16,15.6379108,16451,17.9543228,80,12.8978863
121,17,18,17,16.7314205,248046,10.9450111,18,15.4759407,248046,11.5583744,17,16.7314205,198,9.88092422,18,15.4759407,198,10.8260508
122,26,20,26,13.5766039,248046,12.6730204,20,16.1125889,13,12.1830664,26,13.5766039,198,12.5825329,20,16.1125889,13,12.1830664
123,198,62,198,15.1150789,248046,13.4107466,62,15.2671413,198,11.9436188,198,15.1150789,271,11.9747143,62,15.2671413,198,11.9436188
124,285,17,285,14.523633,309,14.470335,17,15.6367731,248046,12.5723572,285,14.523633,309,14.470335,17,15.6367731,19,12.534483
125,333,19,333,16.0562973,3289,12.9318237,19,16.1778107,248046,11.4900274,333,16.0562973,3289,12.9318237,19,16.1778107,198,10.5190973
126,198,65,198,15.3488808,271,13.7025719,65,16.0407715,33,14.7916508,198,15.3488808,271,13.7025719,65,16.0407715,33,14.7916508
127,285,26,285,14.1786156,248046,13.813859,26,15.0970097,248046,13.2422218,285,14.1786156,262,11.3887644,26,15.0970097,198,13.0092869
