2026/10/07 14:23:48.966, 52, 0, 173, 10240
2026/10/07 14:23:49.170, 52, 0, 397, 10240
2026/10/07 14:23:49.370, 52, 0, 397, 10240
2026/10/07 14:23:49.570, 53, 11, 397, 10240
2026/10/07 14:23:49.771, 53, 11, 397, 10240
2026/10/07 14:23:49.971, 53, 11, 397, 10240
2026/10/07 14:23:50.171, 53, 11, 397, 10240
2026/10/07 14:23:50.371, 53, 11, 397, 10240
2026/10/07 14:23:50.571, 53, 32, 7369, 10240
2026/10/07 14:23:50.771, 53, 32, 7369, 10240
2026/10/07 14:23:50.972, 53, 32, 7369, 10240
2026/10/07 14:23:51.172, 54, 32, 7369, 10240
2026/10/07 14:23:51.372, 54, 32, 8299, 10240
2026/10/07 14:23:51.572, 55, 15, 8445, 10240
2026/10/07 14:23:51.772, 55, 15, 8445, 10240
2026/10/07 14:23:51.972, 55, 15, 8445, 10240
2026/10/07 14:23:52.173, 54, 15, 8473, 10240
2026/10/07 14:23:52.373, 54, 15, 8473, 10240
2026/10/07 14:23:52.573, 58, 37, 8485, 10240
2026/10/07 14:23:52.773, 58, 37, 8485, 10240
2026/10/07 14:23:52.973, 58, 37, 8485, 10240
2026/10/07 14:23:53.173, 61, 37, 8485, 10240
2026/10/07 14:23:53.373, 61, 37, 8485, 10240
2026/10/07 14:23:53.573, 61, 76, 8485, 10240
2026/10/07 14:23:53.774, 61, 76, 8485, 10240
2026/10/07 14:23:53.974, 61, 76, 8485, 10240
2026/10/07 14:23:54.174, 61, 76, 8485, 10240
2026/10/07 14:23:54.374, 61, 76, 443, 10240
