2026/10/07 14:16:23.935, 50, 0, 173, 10240
2026/10/07 14:16:24.142, 50, 0, 199, 10240
2026/10/07 14:16:24.343, 50, 0, 397, 10240
2026/10/07 14:16:24.543, 53, 4, 397, 10240
2026/10/07 14:16:24.743, 53, 4, 397, 10240
2026/10/07 14:16:24.943, 53, 4, 397, 10240
2026/10/07 14:16:25.143, 53, 4, 6937, 10240
2026/10/07 14:16:25.344, 53, 4, 6937, 10240
2026/10/07 14:16:25.544, 53, 93, 6937, 10240
2026/10/07 14:16:25.744, 53, 93, 6937, 10240
2026/10/07 14:16:25.944, 53, 93, 7549, 10240
2026/10/07 14:16:26.144, 54, 93, 7583, 10240
2026/10/07 14:16:26.344, 54, 93, 7591, 10240
2026/10/07 14:16:26.545, 60, 98, 7591, 10240
2026/10/07 14:16:26.745, 60, 98, 7593, 10240
2026/10/07 14:16:26.945, 60, 98, 7593, 10240
2026/10/07 14:16:27.145, 60, 98, 7593, 10240
2026/10/07 14:16:27.345, 60, 98, 7593, 10240
2026/10/07 14:16:27.545, 61, 88, 7593, 10240
2026/10/07 14:16:27.745, 61, 88, 7593, 10240
2026/10/07 14:16:27.946, 61, 88, 7593, 10240
2026/10/07 14:16:28.146, 61, 88, 7593, 10240
2026/10/07 14:16:28.346, 61, 88, 7593, 10240
2026/10/07 14:16:28.546, 61, 86, 7593, 10240
2026/10/07 14:16:28.746, 61, 86, 443, 10240
