1,0,0,0,0.005120
1,0,0,1,0.005792
1,0,0,2,0.006080
1,0,0,3,0.005696
1,0,0,4,0.005088
1,0,0,5,0.005120
1,0,0,6,0.005120
1,0,0,7,0.005088
1,0,0,8,0.005920
1,0,0,9,0.005952
1,0,0,10,0.005120
1,0,0,11,0.005120
1,0,0,12,0.006080
1,0,0,13,0.005120
1,0,0,14,0.005120
1,0,0,15,0.006048
1,0,0,16,0.005120
1,0,0,17,0.006016
1,0,0,18,0.005760
1,0,0,19,0.005120
1,0,0,20,0.005120
1,0,0,21,0.006016
1,0,0,22,0.005856
1,0,0,23,0.005120
1,0,0,24,0.005408
1,0,1,0,0.007104
1,0,1,1,0.007200
1,0,1,2,0.007168
1,0,1,3,0.006144
1,0,1,4,0.007168
1,0,1,5,0.007168
1,0,1,6,0.007168
1,0,1,7,0.007168
1,0,1,8,0.007168
1,0,1,9,0.007168
1,0,1,10,0.007136
1,0,1,11,0.007168
1,0,1,12,0.007168
1,0,1,13,0.007168
1,0,1,14,0.007168
1,0,1,15,0.007168
1,0,1,16,0.007168
1,0,1,17,0.006144
1,0,1,18,0.007168
1,0,1,19,0.006144
1,0,1,20,0.006144
1,0,1,21,0.006144
1,0,1,22,0.006144
1,0,1,23,0.007168
1,0,1,24,0.007168
1,1,0,0,0.005696
1,1,0,1,0.005120
1,1,0,2,0.005920
1,1,0,3,0.005120
1,1,0,4,0.006048
1,1,0,5,0.005792
1,1,0,6,0.005120
1,1,0,7,0.005120
1,1,0,8,0.005888
1,1,0,9,0.005120
1,1,0,10,0.005472
1,1,0,11,0.005792
1,1,0,12,0.005120
1,1,0,13,0.005120
1,1,0,14,0.005824
1,1,0,15,0.005120
1,1,0,16,0.005824
1,1,0,17,0.005472
1,1,0,18,0.005984
1,1,0,19,0.005120
1,1,0,20,0.005120
1,1,0,21,0.006048
1,1,0,22,0.005376
1,1,0,23,0.005888
1,1,0,24,0.005696
1,1,1,0,0.006144
1,1,1,1,0.005120
1,1,1,2,0.006144
1,1,1,3,0.005120
1,1,1,4,0.005248
1,1,1,5,0.006144
1,1,1,6,0.005120
1,1,1,7,0.005120
1,1,1,8,0.005120
1,1,1,9,0.006144
1,1,1,10,0.005120
1,1,1,11,0.006144
1,1,1,12,0.006144
1,1,1,13,0.005440
1,1,1,14,0.006144
1,1,1,15,0.005312
1,1,1,16,0.006144
1,1,1,17,0.005120
1,1,1,18,0.005120
1,1,1,19,0.006144
1,1,1,20,0.005120
1,1,1,21,0.006144
1,1,1,22,0.005120
1,1,1,23,0.006144
1,1,1,24,0.006144
4,0,0,0,0.017408
4,0,0,1,0.017408
4,0,0,2,0.017312
4,0,0,3,0.017344
4,0,0,4,0.017376
4,0,0,5,0.017280
4,0,0,6,0.017120
4,0,0,7,0.018112
4,0,0,8,0.017024
4,0,0,9,0.017408
4,0,0,10,0.017408
4,0,0,11,0.017408
4,0,0,12,0.017408
4,0,0,13,0.017280
4,0,0,14,0.017120
4,0,0,15,0.017088
4,0,0,16,0.016992
4,0,0,17,0.017408
4,0,0,18,0.017408
4,0,0,19,0.017408
4,0,0,20,0.017408
4,0,0,21,0.017312
4,0,0,22,0.017344
4,0,0,23,0.017376
4,0,0,24,0.017152
4,0,1,0,0.021504
4,0,1,1,0.021504
4,0,1,2,0.022528
4,0,1,3,0.021504
4,0,1,4,0.021504
4,0,1,5,0.021504
4,0,1,6,0.021504
4,0,1,7,0.022528
4,0,1,8,0.021504
4,0,1,9,0.021504
4,0,1,10,0.021504
4,0,1,11,0.022528
4,0,1,12,0.021504
4,0,1,13,0.021504
4,0,1,14,0.021504
4,0,1,15,0.021504
4,0,1,16,0.022528
4,0,1,17,0.021504
4,0,1,18,0.021504
4,0,1,19,0.021504
4,0,1,20,0.021504
4,0,1,21,0.022496
4,0,1,22,0.022528
4,0,1,23,0.021504
4,0,1,24,0.021504
4,1,0,0,0.018016
4,1,0,1,0.017984
4,1,0,2,0.017408
4,1,0,3,0.017408
4,1,0,4,0.017408
4,1,0,5,0.017408
4,1,0,6,0.017408
4,1,0,7,0.017408
4,1,0,8,0.017408
4,1,0,9,0.017216
4,1,0,10,0.017216
4,1,0,11,0.017408
4,1,0,12,0.017376
4,1,0,13,0.017248
4,1,0,14,0.017120
4,1,0,15,0.017408
4,1,0,16,0.017408
4,1,0,17,0.017408
4,1,0,18,0.017408
4,1,0,19,0.017408
4,1,0,20,0.018208
4,1,0,21,0.017408
4,1,0,22,0.017408
4,1,0,23,0.017408
4,1,0,24,0.017248
4,1,1,0,0.021504
4,1,1,1,0.021504
4,1,1,2,0.021504
4,1,1,3,0.021504
4,1,1,4,0.021504
4,1,1,5,0.021504
4,1,1,6,0.021504
4,1,1,7,0.021504
4,1,1,8,0.021504
4,1,1,9,0.021504
4,1,1,10,0.022528
4,1,1,11,0.021504
4,1,1,12,0.022528
4,1,1,13,0.021504
4,1,1,14,0.021504
4,1,1,15,0.022528
4,1,1,16,0.022528
4,1,1,17,0.021504
4,1,1,18,0.021504
4,1,1,19,0.022528
4,1,1,20,0.022528
4,1,1,21,0.022528
4,1,1,22,0.021504
4,1,1,23,0.021504
4,1,1,24,0.021504
32,0,0,0,0.155488
32,0,0,1,0.155296
32,0,0,2,0.153600
32,0,0,3,0.154624
32,0,0,4,0.153568
32,0,0,5,0.153600
32,0,0,6,0.155232
32,0,0,7,0.154624
32,0,0,8,0.153376
32,0,0,9,0.154624
32,0,0,10,0.154624
32,0,0,11,0.153472
32,0,0,12,0.155648
32,0,0,13,0.153600
32,0,0,14,0.154624
32,0,0,15,0.155456
32,0,0,16,0.156320
32,0,0,17,0.155648
32,0,0,18,0.154400
32,0,0,19,0.154496
32,0,0,20,0.154624
32,0,0,21,0.154240
32,0,0,22,0.154176
32,0,0,23,0.155648
32,0,0,24,0.153600
32,0,1,0,0.155648
32,0,1,1,0.156672
32,0,1,2,0.157696
32,0,1,3,0.154624
32,0,1,4,0.156672
32,0,1,5,0.153600
32,0,1,6,0.155648
32,0,1,7,0.156672
32,0,1,8,0.156672
32,0,1,9,0.155648
32,0,1,10,0.156672
32,0,1,11,0.156672
32,0,1,12,0.154624
32,0,1,13,0.156672
32,0,1,14,0.155648
32,0,1,15,0.154624
32,0,1,16,0.155648
32,0,1,17,0.156672
32,0,1,18,0.156672
32,0,1,19,0.156672
32,0,1,20,0.156672
32,0,1,21,0.155648
32,0,1,22,0.156672
32,0,1,23,0.156672
32,0,1,24,0.155648
32,1,0,0,0.154624
32,1,0,1,0.155200
32,1,0,2,0.154624
32,1,0,3,0.154208
32,1,0,4,0.154624
32,1,0,5,0.156384
32,1,0,6,0.154624
32,1,0,7,0.153600
32,1,0,8,0.155616
32,1,0,9,0.153600
32,1,0,10,0.154592
32,1,0,11,0.155488
32,1,0,12,0.154624
32,1,0,13,0.154464
32,1,0,14,0.155520
32,1,0,15,0.154368
32,1,0,16,0.152576
32,1,0,17,0.155360
32,1,0,18,0.153600
32,1,0,19,0.154624
32,1,0,20,0.154624
32,1,0,21,0.153600
32,1,0,22,0.154624
32,1,0,23,0.154624
32,1,0,24,0.153600
32,1,1,0,0.156672
32,1,1,1,0.154624
32,1,1,2,0.154624
32,1,1,3,0.154624
32,1,1,4,0.156672
32,1,1,5,0.155648
32,1,1,6,0.156672
32,1,1,7,0.154624
32,1,1,8,0.156672
32,1,1,9,0.156672
32,1,1,10,0.154624
32,1,1,11,0.154624
32,1,1,12,0.155648
32,1,1,13,0.155648
32,1,1,14,0.155648
32,1,1,15,0.154624
32,1,1,16,0.156672
32,1,1,17,0.154624
32,1,1,18,0.156672
32,1,1,19,0.154624
32,1,1,20,0.156672
32,1,1,21,0.154624
32,1,1,22,0.155648
32,1,1,23,0.154528
32,1,1,24,0.156672
